INSERT INTO `spell_template` (`entry`, `build`, `school`, `category`, `castUI`, `dispel`, `mechanic`, `attributes`, `attributesEx`, `attributesEx2`, `attributesEx3`, `attributesEx4`, `stances`, `stancesNot`, `targets`, `targetCreatureType`, `requiresSpellFocus`, `casterAuraState`, `targetAuraState`, `castingTimeIndex`, `recoveryTime`, `categoryRecoveryTime`, `interruptFlags`, `auraInterruptFlags`, `channelInterruptFlags`, `procFlags`, `procChance`, `procCharges`, `maxLevel`, `baseLevel`, `spellLevel`, `durationIndex`, `powerType`, `manaCost`, `manCostPerLevel`, `manaPerSecond`, `manaPerSecondPerLevel`, `rangeIndex`, `speed`, `modelNextSpell`, `stackAmount`, `totem1`, `totem2`, `reagent1`, `reagent2`, `reagent3`, `reagent4`, `reagent5`, `reagent6`, `reagent7`, `reagent8`, `reagentCount1`, `reagentCount2`, `reagentCount3`, `reagentCount4`, `reagentCount5`, `reagentCount6`, `reagentCount7`, `reagentCount8`, `equippedItemClass`, `equippedItemSubClassMask`, `equippedItemInventoryTypeMask`, `effect1`, `effect2`, `effect3`, `effectDieSides1`, `effectDieSides2`, `effectDieSides3`, `effectBaseDice1`, `effectBaseDice2`, `effectBaseDice3`, `effectDicePerLevel1`, `effectDicePerLevel2`, `effectDicePerLevel3`, `effectRealPointsPerLevel1`, `effectRealPointsPerLevel2`, `effectRealPointsPerLevel3`, `effectBasePoints1`, `effectBasePoints2`, `effectBasePoints3`, `effectBonusCoefficient1`, `effectBonusCoefficient2`, `effectBonusCoefficient3`, `effectMechanic1`, `effectMechanic2`, `effectMechanic3`, `effectImplicitTargetA1`, `effectImplicitTargetA2`, `effectImplicitTargetA3`, `effectImplicitTargetB1`, `effectImplicitTargetB2`, `effectImplicitTargetB3`, `effectRadiusIndex1`, `effectRadiusIndex2`, `effectRadiusIndex3`, `effectApplyAuraName1`, `effectApplyAuraName2`, `effectApplyAuraName3`, `effectAmplitude1`, `effectAmplitude2`, `effectAmplitude3`, `effectMultipleValue1`, `effectMultipleValue2`, `effectMultipleValue3`, `effectChainTarget1`, `effectChainTarget2`, `effectChainTarget3`, `effectItemType1`, `effectItemType2`, `effectItemType3`, `effectMiscValue1`, `effectMiscValue2`, `effectMiscValue3`, `effectTriggerSpell1`, `effectTriggerSpell2`, `effectTriggerSpell3`, `effectPointsPerComboPoint1`, `effectPointsPerComboPoint2`, `effectPointsPerComboPoint3`, `spellVisual1`, `spellVisual2`, `spellIconId`, `activeIconId`, `spellPriority`, `name`, `nameFlags`, `nameSubtext`, `nameSubtextFlags`, `description`, `descriptionFlags`, `auraDescription`, `auraDescriptionFlags`, `manaCostPercentage`, `startRecoveryCategory`, `startRecoveryTime`, `minTargetLevel`, `maxTargetLevel`, `spellFamilyName`, `spellFamilyFlags`, `maxAffectedTargets`, `dmgClass`, `preventionType`, `stanceBarOrder`, `dmgMultiplier1`, `dmgMultiplier2`, `dmgMultiplier3`, `minFactionId`, `minReputation`, `requiredAuraVision`, `customFlags`) VALUES (33402, 4222, 6, 0, 0, 0, 0, 268500992, 131072, 0, 0, 0, 0, 0, 0, 0, 0, 0, 0, 7, 0, 0, 15, 0, 0, 0, 101, 0, 0, 20, 20, 0, 0, 0, 0, 0, 0, 1, 0, 0, 0, 0, 0, 0, 0, 0, 0, 0, 0, 0, 0, 0, 0, 0, 0, 0, 0, 0, 0, -1, 0, 0, 5, 77, 0, 1, 0, 0, 1, 0, 0, 0, 0, 0, 0, 0, 0, -1, 0, 0, 0, 1, -1, 0, 0, 0, 1, 1, 0, 17, 0, 0, 0, 0, 0, 0, 0, 0, 0, 0, 0, 1, 0, 0, 0, 0, 0, 0, 0, 0, 0, 0, 0, 0, 0, 0, 0, 0, 0, 263, 0, 1491, 0, 50, 'Teleport: Undercity', 8323134, '', 8323132, 'Teleports the caster to Undercity', 2031678, '', 2031676, 0, 133, 1500, 0, 0, 3, 2147483648, 0, 1, 1, -1, 1, 1, 1, 0, 0, 0, 0);
INSERT INTO `spell_template` (`entry`, `build`, `school`, `category`, `castUI`, `dispel`, `mechanic`, `attributes`, `attributesEx`, `attributesEx2`, `attributesEx3`, `attributesEx4`, `stances`, `stancesNot`, `targets`, `targetCreatureType`, `requiresSpellFocus`, `casterAuraState`, `targetAuraState`, `castingTimeIndex`, `recoveryTime`, `categoryRecoveryTime`, `interruptFlags`, `auraInterruptFlags`, `channelInterruptFlags`, `procFlags`, `procChance`, `procCharges`, `maxLevel`, `baseLevel`, `spellLevel`, `durationIndex`, `powerType`, `manaCost`, `manCostPerLevel`, `manaPerSecond`, `manaPerSecondPerLevel`, `rangeIndex`, `speed`, `modelNextSpell`, `stackAmount`, `totem1`, `totem2`, `reagent1`, `reagent2`, `reagent3`, `reagent4`, `reagent5`, `reagent6`, `reagent7`, `reagent8`, `reagentCount1`, `reagentCount2`, `reagentCount3`, `reagentCount4`, `reagentCount5`, `reagentCount6`, `reagentCount7`, `reagentCount8`, `equippedItemClass`, `equippedItemSubClassMask`, `equippedItemInventoryTypeMask`, `effect1`, `effect2`, `effect3`, `effectDieSides1`, `effectDieSides2`, `effectDieSides3`, `effectBaseDice1`, `effectBaseDice2`, `effectBaseDice3`, `effectDicePerLevel1`, `effectDicePerLevel2`, `effectDicePerLevel3`, `effectRealPointsPerLevel1`, `effectRealPointsPerLevel2`, `effectRealPointsPerLevel3`, `effectBasePoints1`, `effectBasePoints2`, `effectBasePoints3`, `effectBonusCoefficient1`, `effectBonusCoefficient2`, `effectBonusCoefficient3`, `effectMechanic1`, `effectMechanic2`, `effectMechanic3`, `effectImplicitTargetA1`, `effectImplicitTargetA2`, `effectImplicitTargetA3`, `effectImplicitTargetB1`, `effectImplicitTargetB2`, `effectImplicitTargetB3`, `effectRadiusIndex1`, `effectRadiusIndex2`, `effectRadiusIndex3`, `effectApplyAuraName1`, `effectApplyAuraName2`, `effectApplyAuraName3`, `effectAmplitude1`, `effectAmplitude2`, `effectAmplitude3`, `effectMultipleValue1`, `effectMultipleValue2`, `effectMultipleValue3`, `effectChainTarget1`, `effectChainTarget2`, `effectChainTarget3`, `effectItemType1`, `effectItemType2`, `effectItemType3`, `effectMiscValue1`, `effectMiscValue2`, `effectMiscValue3`, `effectTriggerSpell1`, `effectTriggerSpell2`, `effectTriggerSpell3`, `effectPointsPerComboPoint1`, `effectPointsPerComboPoint2`, `effectPointsPerComboPoint3`, `spellVisual1`, `spellVisual2`, `spellIconId`, `activeIconId`, `spellPriority`, `name`, `nameFlags`, `nameSubtext`, `nameSubtextFlags`, `description`, `descriptionFlags`, `auraDescription`, `auraDescriptionFlags`, `manaCostPercentage`, `startRecoveryCategory`, `startRecoveryTime`, `minTargetLevel`, `maxTargetLevel`, `spellFamilyName`, `spellFamilyFlags`, `maxAffectedTargets`, `dmgClass`, `preventionType`, `stanceBarOrder`, `dmgMultiplier1`, `dmgMultiplier2`, `dmgMultiplier3`, `minFactionId`, `minReputation`, `requiredAuraVision`, `customFlags`) VALUES (33401, 4222, 6, 0, 0, 0, 0, 268500992, 131072, 0, 0, 0, 0, 0, 0, 0, 0, 0, 0, 7, 0, 0, 15, 0, 0, 0, 101, 0, 0, 20, 20, 0, 0, 0, 0, 0, 0, 1, 0, 0, 0, 0, 0, 0, 0, 0, 0, 0, 0, 0, 0, 0, 0, 0, 0, 0, 0, 0, 0, -1, 0, 0, 5, 77, 0, 1, 0, 0, 1, 0, 0, 0, 0, 0, 0, 0, 0, -1, 0, 0, 0, 1, -1, 0, 0, 0, 1, 1, 0, 17, 0, 0, 0, 0, 0, 0, 0, 0, 0, 0, 0, 1, 0, 0, 0, 0, 0, 0, 0, 0, 0, 0, 0, 0, 0, 0, 0, 0, 0, 263, 0, 1491, 0, 50, 'Teleport: Thunder Bluff', 8323134, '', 8323132, 'Teleports the caster to Thunder Bluff', 2031678, '', 2031676, 0, 133, 1500, 0, 0, 3, 2147483648, 0, 1, 1, -1, 1, 1, 1, 0, 0, 0, 0);
INSERT INTO `spell_template` (`entry`, `build`, `school`, `category`, `castUI`, `dispel`, `mechanic`, `attributes`, `attributesEx`, `attributesEx2`, `attributesEx3`, `attributesEx4`, `stances`, `stancesNot`, `targets`, `targetCreatureType`, `requiresSpellFocus`, `casterAuraState`, `targetAuraState`, `castingTimeIndex`, `recoveryTime`, `categoryRecoveryTime`, `interruptFlags`, `auraInterruptFlags`, `channelInterruptFlags`, `procFlags`, `procChance`, `procCharges`, `maxLevel`, `baseLevel`, `spellLevel`, `durationIndex`, `powerType`, `manaCost`, `manCostPerLevel`, `manaPerSecond`, `manaPerSecondPerLevel`, `rangeIndex`, `speed`, `modelNextSpell`, `stackAmount`, `totem1`, `totem2`, `reagent1`, `reagent2`, `reagent3`, `reagent4`, `reagent5`, `reagent6`, `reagent7`, `reagent8`, `reagentCount1`, `reagentCount2`, `reagentCount3`, `reagentCount4`, `reagentCount5`, `reagentCount6`, `reagentCount7`, `reagentCount8`, `equippedItemClass`, `equippedItemSubClassMask`, `equippedItemInventoryTypeMask`, `effect1`, `effect2`, `effect3`, `effectDieSides1`, `effectDieSides2`, `effectDieSides3`, `effectBaseDice1`, `effectBaseDice2`, `effectBaseDice3`, `effectDicePerLevel1`, `effectDicePerLevel2`, `effectDicePerLevel3`, `effectRealPointsPerLevel1`, `effectRealPointsPerLevel2`, `effectRealPointsPerLevel3`, `effectBasePoints1`, `effectBasePoints2`, `effectBasePoints3`, `effectBonusCoefficient1`, `effectBonusCoefficient2`, `effectBonusCoefficient3`, `effectMechanic1`, `effectMechanic2`, `effectMechanic3`, `effectImplicitTargetA1`, `effectImplicitTargetA2`, `effectImplicitTargetA3`, `effectImplicitTargetB1`, `effectImplicitTargetB2`, `effectImplicitTargetB3`, `effectRadiusIndex1`, `effectRadiusIndex2`, `effectRadiusIndex3`, `effectApplyAuraName1`, `effectApplyAuraName2`, `effectApplyAuraName3`, `effectAmplitude1`, `effectAmplitude2`, `effectAmplitude3`, `effectMultipleValue1`, `effectMultipleValue2`, `effectMultipleValue3`, `effectChainTarget1`, `effectChainTarget2`, `effectChainTarget3`, `effectItemType1`, `effectItemType2`, `effectItemType3`, `effectMiscValue1`, `effectMiscValue2`, `effectMiscValue3`, `effectTriggerSpell1`, `effectTriggerSpell2`, `effectTriggerSpell3`, `effectPointsPerComboPoint1`, `effectPointsPerComboPoint2`, `effectPointsPerComboPoint3`, `spellVisual1`, `spellVisual2`, `spellIconId`, `activeIconId`, `spellPriority`, `name`, `nameFlags`, `nameSubtext`, `nameSubtextFlags`, `description`, `descriptionFlags`, `auraDescription`, `auraDescriptionFlags`, `manaCostPercentage`, `startRecoveryCategory`, `startRecoveryTime`, `minTargetLevel`, `maxTargetLevel`, `spellFamilyName`, `spellFamilyFlags`, `maxAffectedTargets`, `dmgClass`, `preventionType`, `stanceBarOrder`, `dmgMultiplier1`, `dmgMultiplier2`, `dmgMultiplier3`, `minFactionId`, `minReputation`, `requiredAuraVision`, `customFlags`) VALUES (33400, 4222, 6, 0, 0, 0, 0, 268500992, 131072, 0, 0, 0, 0, 0, 0, 0, 0, 0, 0, 7, 0, 0, 15, 0, 0, 0, 101, 0, 0, 20, 20, 0, 0, 0, 0, 0, 0, 1, 0, 0, 0, 0, 0, 0, 0, 0, 0, 0, 0, 0, 0, 0, 0, 0, 0, 0, 0, 0, 0, -1, 0, 0, 5, 77, 0, 1, 0, 0, 1, 0, 0, 0, 0, 0, 0, 0, 0, -1, 0, 0, 0, 1, -1, 0, 0, 0, 1, 1, 0, 17, 0, 0, 0, 0, 0, 0, 0, 0, 0, 0, 0, 1, 0, 0, 0, 0, 0, 0, 0, 0, 0, 0, 0, 0, 0, 0, 0, 0, 0, 263, 0, 1491, 0, 50, 'Teleport: Orgrimmar', 8323134, '', 8323132, 'Teleports the caster to Orgrimmar', 2031678, '', 2031676, 0, 133, 1500, 0, 0, 3, 2147483648, 0, 1, 1, -1, 1, 1, 1, 0, 0, 0, 0);
INSERT INTO `spell_template` (`entry`, `build`, `school`, `category`, `castUI`, `dispel`, `mechanic`, `attributes`, `attributesEx`, `attributesEx2`, `attributesEx3`, `attributesEx4`, `stances`, `stancesNot`, `targets`, `targetCreatureType`, `requiresSpellFocus`, `casterAuraState`, `targetAuraState`, `castingTimeIndex`, `recoveryTime`, `categoryRecoveryTime`, `interruptFlags`, `auraInterruptFlags`, `channelInterruptFlags`, `procFlags`, `procChance`, `procCharges`, `maxLevel`, `baseLevel`, `spellLevel`, `durationIndex`, `powerType`, `manaCost`, `manCostPerLevel`, `manaPerSecond`, `manaPerSecondPerLevel`, `rangeIndex`, `speed`, `modelNextSpell`, `stackAmount`, `totem1`, `totem2`, `reagent1`, `reagent2`, `reagent3`, `reagent4`, `reagent5`, `reagent6`, `reagent7`, `reagent8`, `reagentCount1`, `reagentCount2`, `reagentCount3`, `reagentCount4`, `reagentCount5`, `reagentCount6`, `reagentCount7`, `reagentCount8`, `equippedItemClass`, `equippedItemSubClassMask`, `equippedItemInventoryTypeMask`, `effect1`, `effect2`, `effect3`, `effectDieSides1`, `effectDieSides2`, `effectDieSides3`, `effectBaseDice1`, `effectBaseDice2`, `effectBaseDice3`, `effectDicePerLevel1`, `effectDicePerLevel2`, `effectDicePerLevel3`, `effectRealPointsPerLevel1`, `effectRealPointsPerLevel2`, `effectRealPointsPerLevel3`, `effectBasePoints1`, `effectBasePoints2`, `effectBasePoints3`, `effectBonusCoefficient1`, `effectBonusCoefficient2`, `effectBonusCoefficient3`, `effectMechanic1`, `effectMechanic2`, `effectMechanic3`, `effectImplicitTargetA1`, `effectImplicitTargetA2`, `effectImplicitTargetA3`, `effectImplicitTargetB1`, `effectImplicitTargetB2`, `effectImplicitTargetB3`, `effectRadiusIndex1`, `effectRadiusIndex2`, `effectRadiusIndex3`, `effectApplyAuraName1`, `effectApplyAuraName2`, `effectApplyAuraName3`, `effectAmplitude1`, `effectAmplitude2`, `effectAmplitude3`, `effectMultipleValue1`, `effectMultipleValue2`, `effectMultipleValue3`, `effectChainTarget1`, `effectChainTarget2`, `effectChainTarget3`, `effectItemType1`, `effectItemType2`, `effectItemType3`, `effectMiscValue1`, `effectMiscValue2`, `effectMiscValue3`, `effectTriggerSpell1`, `effectTriggerSpell2`, `effectTriggerSpell3`, `effectPointsPerComboPoint1`, `effectPointsPerComboPoint2`, `effectPointsPerComboPoint3`, `spellVisual1`, `spellVisual2`, `spellIconId`, `activeIconId`, `spellPriority`, `name`, `nameFlags`, `nameSubtext`, `nameSubtextFlags`, `description`, `descriptionFlags`, `auraDescription`, `auraDescriptionFlags`, `manaCostPercentage`, `startRecoveryCategory`, `startRecoveryTime`, `minTargetLevel`, `maxTargetLevel`, `spellFamilyName`, `spellFamilyFlags`, `maxAffectedTargets`, `dmgClass`, `preventionType`, `stanceBarOrder`, `dmgMultiplier1`, `dmgMultiplier2`, `dmgMultiplier3`, `minFactionId`, `minReputation`, `requiredAuraVision`, `customFlags`) VALUES (33399, 4222, 6, 0, 0, 0, 0, 268500992, 131072, 0, 0, 0, 0, 0, 0, 0, 0, 0, 0, 7, 0, 0, 15, 0, 0, 0, 101, 0, 0, 20, 20, 0, 0, 0, 0, 0, 0, 1, 0, 0, 0, 0, 0, 0, 0, 0, 0, 0, 0, 0, 0, 0, 0, 0, 0, 0, 0, 0, 0, -1, 0, 0, 5, 77, 0, 1, 0, 0, 1, 0, 0, 0, 0, 0, 0, 0, 0, -1, 0, 0, 0, 1, -1, 0, 0, 0, 1, 1, 0, 17, 0, 0, 0, 0, 0, 0, 0, 0, 0, 0, 0, 1, 0, 0, 0, 0, 0, 0, 0, 0, 0, 0, 0, 0, 0, 0, 0, 0, 0, 263, 0, 1491, 0, 50, 'Teleport: Darnassus', 8323134, '', 8323132, 'Teleports the caster to Darnassus', 2031678, '', 2031676, 0, 133, 1500, 0, 0, 3, 2147483648, 0, 1, 1, -1, 1, 1, 1, 0, 0, 0, 0);
INSERT INTO `spell_template` (`entry`, `build`, `school`, `category`, `castUI`, `dispel`, `mechanic`, `attributes`, `attributesEx`, `attributesEx2`, `attributesEx3`, `attributesEx4`, `stances`, `stancesNot`, `targets`, `targetCreatureType`, `requiresSpellFocus`, `casterAuraState`, `targetAuraState`, `castingTimeIndex`, `recoveryTime`, `categoryRecoveryTime`, `interruptFlags`, `auraInterruptFlags`, `channelInterruptFlags`, `procFlags`, `procChance`, `procCharges`, `maxLevel`, `baseLevel`, `spellLevel`, `durationIndex`, `powerType`, `manaCost`, `manCostPerLevel`, `manaPerSecond`, `manaPerSecondPerLevel`, `rangeIndex`, `speed`, `modelNextSpell`, `stackAmount`, `totem1`, `totem2`, `reagent1`, `reagent2`, `reagent3`, `reagent4`, `reagent5`, `reagent6`, `reagent7`, `reagent8`, `reagentCount1`, `reagentCount2`, `reagentCount3`, `reagentCount4`, `reagentCount5`, `reagentCount6`, `reagentCount7`, `reagentCount8`, `equippedItemClass`, `equippedItemSubClassMask`, `equippedItemInventoryTypeMask`, `effect1`, `effect2`, `effect3`, `effectDieSides1`, `effectDieSides2`, `effectDieSides3`, `effectBaseDice1`, `effectBaseDice2`, `effectBaseDice3`, `effectDicePerLevel1`, `effectDicePerLevel2`, `effectDicePerLevel3`, `effectRealPointsPerLevel1`, `effectRealPointsPerLevel2`, `effectRealPointsPerLevel3`, `effectBasePoints1`, `effectBasePoints2`, `effectBasePoints3`, `effectBonusCoefficient1`, `effectBonusCoefficient2`, `effectBonusCoefficient3`, `effectMechanic1`, `effectMechanic2`, `effectMechanic3`, `effectImplicitTargetA1`, `effectImplicitTargetA2`, `effectImplicitTargetA3`, `effectImplicitTargetB1`, `effectImplicitTargetB2`, `effectImplicitTargetB3`, `effectRadiusIndex1`, `effectRadiusIndex2`, `effectRadiusIndex3`, `effectApplyAuraName1`, `effectApplyAuraName2`, `effectApplyAuraName3`, `effectAmplitude1`, `effectAmplitude2`, `effectAmplitude3`, `effectMultipleValue1`, `effectMultipleValue2`, `effectMultipleValue3`, `effectChainTarget1`, `effectChainTarget2`, `effectChainTarget3`, `effectItemType1`, `effectItemType2`, `effectItemType3`, `effectMiscValue1`, `effectMiscValue2`, `effectMiscValue3`, `effectTriggerSpell1`, `effectTriggerSpell2`, `effectTriggerSpell3`, `effectPointsPerComboPoint1`, `effectPointsPerComboPoint2`, `effectPointsPerComboPoint3`, `spellVisual1`, `spellVisual2`, `spellIconId`, `activeIconId`, `spellPriority`, `name`, `nameFlags`, `nameSubtext`, `nameSubtextFlags`, `description`, `descriptionFlags`, `auraDescription`, `auraDescriptionFlags`, `manaCostPercentage`, `startRecoveryCategory`, `startRecoveryTime`, `minTargetLevel`, `maxTargetLevel`, `spellFamilyName`, `spellFamilyFlags`, `maxAffectedTargets`, `dmgClass`, `preventionType`, `stanceBarOrder`, `dmgMultiplier1`, `dmgMultiplier2`, `dmgMultiplier3`, `minFactionId`, `minReputation`, `requiredAuraVision`, `customFlags`) VALUES (33398, 4222, 6, 0, 0, 0, 0, 268500992, 131072, 0, 0, 0, 0, 0, 0, 0, 0, 0, 0, 7, 0, 0, 15, 0, 0, 0, 101, 0, 0, 20, 20, 0, 0, 0, 0, 0, 0, 1, 0, 0, 0, 0, 0, 0, 0, 0, 0, 0, 0, 0, 0, 0, 0, 0, 0, 0, 0, 0, 0, -1, 0, 0, 5, 77, 0, 1, 0, 0, 1, 0, 0, 0, 0, 0, 0, 0, 0, -1, 0, 0, 0, 1, -1, 0, 0, 0, 1, 1, 0, 17, 0, 0, 0, 0, 0, 0, 0, 0, 0, 0, 0, 1, 0, 0, 0, 0, 0, 0, 0, 0, 0, 0, 0, 0, 0, 0, 0, 0, 0, 263, 0, 1491, 0, 50, 'Teleport: Ironforge', 8323134, '', 8323132, 'Teleports the caster to Ironforge', 2031678, '', 2031676, 0, 133, 1500, 0, 0, 3, 2147483648, 0, 1, 1, -1, 1, 1, 1, 0, 0, 0, 0);
INSERT INTO `spell_template` (`entry`, `build`, `school`, `category`, `castUI`, `dispel`, `mechanic`, `attributes`, `attributesEx`, `attributesEx2`, `attributesEx3`, `attributesEx4`, `stances`, `stancesNot`, `targets`, `targetCreatureType`, `requiresSpellFocus`, `casterAuraState`, `targetAuraState`, `castingTimeIndex`, `recoveryTime`, `categoryRecoveryTime`, `interruptFlags`, `auraInterruptFlags`, `channelInterruptFlags`, `procFlags`, `procChance`, `procCharges`, `maxLevel`, `baseLevel`, `spellLevel`, `durationIndex`, `powerType`, `manaCost`, `manCostPerLevel`, `manaPerSecond`, `manaPerSecondPerLevel`, `rangeIndex`, `speed`, `modelNextSpell`, `stackAmount`, `totem1`, `totem2`, `reagent1`, `reagent2`, `reagent3`, `reagent4`, `reagent5`, `reagent6`, `reagent7`, `reagent8`, `reagentCount1`, `reagentCount2`, `reagentCount3`, `reagentCount4`, `reagentCount5`, `reagentCount6`, `reagentCount7`, `reagentCount8`, `equippedItemClass`, `equippedItemSubClassMask`, `equippedItemInventoryTypeMask`, `effect1`, `effect2`, `effect3`, `effectDieSides1`, `effectDieSides2`, `effectDieSides3`, `effectBaseDice1`, `effectBaseDice2`, `effectBaseDice3`, `effectDicePerLevel1`, `effectDicePerLevel2`, `effectDicePerLevel3`, `effectRealPointsPerLevel1`, `effectRealPointsPerLevel2`, `effectRealPointsPerLevel3`, `effectBasePoints1`, `effectBasePoints2`, `effectBasePoints3`, `effectBonusCoefficient1`, `effectBonusCoefficient2`, `effectBonusCoefficient3`, `effectMechanic1`, `effectMechanic2`, `effectMechanic3`, `effectImplicitTargetA1`, `effectImplicitTargetA2`, `effectImplicitTargetA3`, `effectImplicitTargetB1`, `effectImplicitTargetB2`, `effectImplicitTargetB3`, `effectRadiusIndex1`, `effectRadiusIndex2`, `effectRadiusIndex3`, `effectApplyAuraName1`, `effectApplyAuraName2`, `effectApplyAuraName3`, `effectAmplitude1`, `effectAmplitude2`, `effectAmplitude3`, `effectMultipleValue1`, `effectMultipleValue2`, `effectMultipleValue3`, `effectChainTarget1`, `effectChainTarget2`, `effectChainTarget3`, `effectItemType1`, `effectItemType2`, `effectItemType3`, `effectMiscValue1`, `effectMiscValue2`, `effectMiscValue3`, `effectTriggerSpell1`, `effectTriggerSpell2`, `effectTriggerSpell3`, `effectPointsPerComboPoint1`, `effectPointsPerComboPoint2`, `effectPointsPerComboPoint3`, `spellVisual1`, `spellVisual2`, `spellIconId`, `activeIconId`, `spellPriority`, `name`, `nameFlags`, `nameSubtext`, `nameSubtextFlags`, `description`, `descriptionFlags`, `auraDescription`, `auraDescriptionFlags`, `manaCostPercentage`, `startRecoveryCategory`, `startRecoveryTime`, `minTargetLevel`, `maxTargetLevel`, `spellFamilyName`, `spellFamilyFlags`, `maxAffectedTargets`, `dmgClass`, `preventionType`, `stanceBarOrder`, `dmgMultiplier1`, `dmgMultiplier2`, `dmgMultiplier3`, `minFactionId`, `minReputation`, `requiredAuraVision`, `customFlags`) VALUES (33397, 4222, 6, 0, 0, 0, 0, 268500992, 131072, 0, 0, 0, 0, 0, 0, 0, 0, 0, 0, 7, 0, 0, 15, 0, 0, 0, 101, 0, 0, 20, 20, 0, 0, 0, 0, 0, 0, 1, 0, 0, 0, 0, 0, 0, 0, 0, 0, 0, 0, 0, 0, 0, 0, 0, 0, 0, 0, 0, 0, -1, 0, 0, 5, 77, 0, 1, 0, 0, 1, 0, 0, 0, 0, 0, 0, 0, 0, -1, 0, 0, 0, 1, -1, 0, 0, 0, 1, 1, 0, 17, 0, 0, 0, 0, 0, 0, 0, 0, 0, 0, 0, 1, 0, 0, 0, 0, 0, 0, 0, 0, 0, 0, 0, 0, 0, 0, 0, 0, 0, 263, 0, 1491, 0, 50, 'Teleport: Stormwind', 8323134, '', 8323132, 'Teleports the caster to Stormwind.', 2031678, '', 2031676, 0, 133, 1500, 0, 0, 3, 2147483648, 0, 1, 1, -1, 1, 1, 1, 0, 0, 0, 0);

INSERT INTO `spell_target_position` (`id`, `target_map`, `target_position_x`, `target_position_y`, `target_position_z`, `target_orientation`) VALUES (33397, 0, -9003.46, 870.031, 29.6206, 5.28);
INSERT INTO `spell_target_position` (`id`, `target_map`, `target_position_x`, `target_position_y`, `target_position_z`, `target_orientation`) VALUES (33398, 0, -4613.62, -915.38, 501.062, 3.88);
INSERT INTO `spell_target_position` (`id`, `target_map`, `target_position_x`, `target_position_y`, `target_position_z`, `target_orientation`) VALUES (33399, 1, 9664.14, 2526.36, 1334.27, 1.84454);
INSERT INTO `spell_target_position` (`id`, `target_map`, `target_position_x`, `target_position_y`, `target_position_z`, `target_orientation`) VALUES (33400, 1, 1469.85, -4221.52, 58.9939, 5.98);
INSERT INTO `spell_target_position` (`id`, `target_map`, `target_position_x`, `target_position_y`, `target_position_z`, `target_orientation`) VALUES (33401, 1, -964.98, 283.433, 111.187, 3.02);
INSERT INTO `spell_target_position` (`id`, `target_map`, `target_position_x`, `target_position_y`, `target_position_z`, `target_orientation`) VALUES (33402, 0, 1773.47, 61.121, -46.3207, 0.54);

INSERT INTO `item_template` (`entry`, `patch`, `class`, `subclass`, `name`, `description`, `display_id`, `quality`, `flags`, `buy_count`, `buy_price`, `sell_price`, `inventory_type`, `allowable_class`, `allowable_race`, `item_level`, `required_level`, `required_skill`, `required_skill_rank`, `required_spell`, `required_honor_rank`, `required_city_rank`, `required_reputation_faction`, `required_reputation_rank`, `max_count`, `stackable`, `container_slots`, `stat_type1`, `stat_value1`, `stat_type2`, `stat_value2`, `stat_type3`, `stat_value3`, `stat_type4`, `stat_value4`, `stat_type5`, `stat_value5`, `stat_type6`, `stat_value6`, `stat_type7`, `stat_value7`, `stat_type8`, `stat_value8`, `stat_type9`, `stat_value9`, `stat_type10`, `stat_value10`, `delay`, `range_mod`, `ammo_type`, `dmg_min1`, `dmg_max1`, `dmg_type1`, `dmg_min2`, `dmg_max2`, `dmg_type2`, `dmg_min3`, `dmg_max3`, `dmg_type3`, `dmg_min4`, `dmg_max4`, `dmg_type4`, `dmg_min5`, `dmg_max5`, `dmg_type5`, `block`, `armor`, `holy_res`, `fire_res`, `nature_res`, `frost_res`, `shadow_res`, `arcane_res`, `spellid_1`, `spelltrigger_1`, `spellcharges_1`, `spellppmrate_1`, `spellcooldown_1`, `spellcategory_1`, `spellcategorycooldown_1`, `spellid_2`, `spelltrigger_2`, `spellcharges_2`, `spellppmrate_2`, `spellcooldown_2`, `spellcategory_2`, `spellcategorycooldown_2`, `spellid_3`, `spelltrigger_3`, `spellcharges_3`, `spellppmrate_3`, `spellcooldown_3`, `spellcategory_3`, `spellcategorycooldown_3`, `spellid_4`, `spelltrigger_4`, `spellcharges_4`, `spellppmrate_4`, `spellcooldown_4`, `spellcategory_4`, `spellcategorycooldown_4`, `spellid_5`, `spelltrigger_5`, `spellcharges_5`, `spellppmrate_5`, `spellcooldown_5`, `spellcategory_5`, `spellcategorycooldown_5`, `bonding`, `page_text`, `page_language`, `page_material`, `start_quest`, `lock_id`, `material`, `sheath`, `random_property`, `set_id`, `max_durability`, `area_bound`, `map_bound`, `duration`, `bag_family`, `disenchant_id`, `food_type`, `min_money_loot`, `max_money_loot`, `wrapped_gift`, `extra_flags`, `other_team_entry`) VALUES (35000, 0, 15, 0, 'Stormwind Hearthstone', '', 38290, 4, 64, 1, 3500000, 650000, 0, -1, -1, 1, 0, 0, 0, 0, 0, 0, 0, 0, 1, 1, 0, 0, 0, 0, 0, 0, 0, 0, 0, 0, 0, 0, 0, 0, 0, 0, 0, 0, 0, 0, 0, 0, 0, 0, 0, 0, 0, 0, 0, 0, 0, 0, 0, 0, 0, 0, 0, 0, 0, 0, 0, 0, 0, 0, 0, 0, 0, 33397, 0, 0, 0, 43200000, 0, -1, 0, 0, 0, 0, -1, 0, -1, 0, 0, 0, 0, -1, 0, -1, 0, 0, 0, 0, -1, 0, -1, 0, 0, 0, 0, 0, 0, 0, 1, 0, 0, 0, 0, 0, 0, 0, 0, 0, 0, 0, 0, 0, 0, 0, 0, 0, 0, 0, 0, 1);
INSERT INTO `item_template` (`entry`, `patch`, `class`, `subclass`, `name`, `description`, `display_id`, `quality`, `flags`, `buy_count`, `buy_price`, `sell_price`, `inventory_type`, `allowable_class`, `allowable_race`, `item_level`, `required_level`, `required_skill`, `required_skill_rank`, `required_spell`, `required_honor_rank`, `required_city_rank`, `required_reputation_faction`, `required_reputation_rank`, `max_count`, `stackable`, `container_slots`, `stat_type1`, `stat_value1`, `stat_type2`, `stat_value2`, `stat_type3`, `stat_value3`, `stat_type4`, `stat_value4`, `stat_type5`, `stat_value5`, `stat_type6`, `stat_value6`, `stat_type7`, `stat_value7`, `stat_type8`, `stat_value8`, `stat_type9`, `stat_value9`, `stat_type10`, `stat_value10`, `delay`, `range_mod`, `ammo_type`, `dmg_min1`, `dmg_max1`, `dmg_type1`, `dmg_min2`, `dmg_max2`, `dmg_type2`, `dmg_min3`, `dmg_max3`, `dmg_type3`, `dmg_min4`, `dmg_max4`, `dmg_type4`, `dmg_min5`, `dmg_max5`, `dmg_type5`, `block`, `armor`, `holy_res`, `fire_res`, `nature_res`, `frost_res`, `shadow_res`, `arcane_res`, `spellid_1`, `spelltrigger_1`, `spellcharges_1`, `spellppmrate_1`, `spellcooldown_1`, `spellcategory_1`, `spellcategorycooldown_1`, `spellid_2`, `spelltrigger_2`, `spellcharges_2`, `spellppmrate_2`, `spellcooldown_2`, `spellcategory_2`, `spellcategorycooldown_2`, `spellid_3`, `spelltrigger_3`, `spellcharges_3`, `spellppmrate_3`, `spellcooldown_3`, `spellcategory_3`, `spellcategorycooldown_3`, `spellid_4`, `spelltrigger_4`, `spellcharges_4`, `spellppmrate_4`, `spellcooldown_4`, `spellcategory_4`, `spellcategorycooldown_4`, `spellid_5`, `spelltrigger_5`, `spellcharges_5`, `spellppmrate_5`, `spellcooldown_5`, `spellcategory_5`, `spellcategorycooldown_5`, `bonding`, `page_text`, `page_language`, `page_material`, `start_quest`, `lock_id`, `material`, `sheath`, `random_property`, `set_id`, `max_durability`, `area_bound`, `map_bound`, `duration`, `bag_family`, `disenchant_id`, `food_type`, `min_money_loot`, `max_money_loot`, `wrapped_gift`, `extra_flags`, `other_team_entry`) VALUES (35001, 0, 15, 0, 'Ironforge Hearthstone', '', 38291, 4, 64, 1, 3500000, 650000, 0, -1, -1, 1, 0, 0, 0, 0, 0, 0, 0, 0, 1, 1, 0, 0, 0, 0, 0, 0, 0, 0, 0, 0, 0, 0, 0, 0, 0, 0, 0, 0, 0, 0, 0, 0, 0, 0, 0, 0, 0, 0, 0, 0, 0, 0, 0, 0, 0, 0, 0, 0, 0, 0, 0, 0, 0, 0, 0, 0, 0, 33398, 0, 0, 0, 43200000, 0, -1, 0, 0, 0, 0, -1, 0, -1, 0, 0, 0, 0, -1, 0, -1, 0, 0, 0, 0, -1, 0, -1, 0, 0, 0, 0, 0, 0, 0, 1, 0, 0, 0, 0, 0, 0, 0, 0, 0, 0, 0, 0, 0, 0, 0, 0, 0, 0, 0, 0, 1);
INSERT INTO `item_template` (`entry`, `patch`, `class`, `subclass`, `name`, `description`, `display_id`, `quality`, `flags`, `buy_count`, `buy_price`, `sell_price`, `inventory_type`, `allowable_class`, `allowable_race`, `item_level`, `required_level`, `required_skill`, `required_skill_rank`, `required_spell`, `required_honor_rank`, `required_city_rank`, `required_reputation_faction`, `required_reputation_rank`, `max_count`, `stackable`, `container_slots`, `stat_type1`, `stat_value1`, `stat_type2`, `stat_value2`, `stat_type3`, `stat_value3`, `stat_type4`, `stat_value4`, `stat_type5`, `stat_value5`, `stat_type6`, `stat_value6`, `stat_type7`, `stat_value7`, `stat_type8`, `stat_value8`, `stat_type9`, `stat_value9`, `stat_type10`, `stat_value10`, `delay`, `range_mod`, `ammo_type`, `dmg_min1`, `dmg_max1`, `dmg_type1`, `dmg_min2`, `dmg_max2`, `dmg_type2`, `dmg_min3`, `dmg_max3`, `dmg_type3`, `dmg_min4`, `dmg_max4`, `dmg_type4`, `dmg_min5`, `dmg_max5`, `dmg_type5`, `block`, `armor`, `holy_res`, `fire_res`, `nature_res`, `frost_res`, `shadow_res`, `arcane_res`, `spellid_1`, `spelltrigger_1`, `spellcharges_1`, `spellppmrate_1`, `spellcooldown_1`, `spellcategory_1`, `spellcategorycooldown_1`, `spellid_2`, `spelltrigger_2`, `spellcharges_2`, `spellppmrate_2`, `spellcooldown_2`, `spellcategory_2`, `spellcategorycooldown_2`, `spellid_3`, `spelltrigger_3`, `spellcharges_3`, `spellppmrate_3`, `spellcooldown_3`, `spellcategory_3`, `spellcategorycooldown_3`, `spellid_4`, `spelltrigger_4`, `spellcharges_4`, `spellppmrate_4`, `spellcooldown_4`, `spellcategory_4`, `spellcategorycooldown_4`, `spellid_5`, `spelltrigger_5`, `spellcharges_5`, `spellppmrate_5`, `spellcooldown_5`, `spellcategory_5`, `spellcategorycooldown_5`, `bonding`, `page_text`, `page_language`, `page_material`, `start_quest`, `lock_id`, `material`, `sheath`, `random_property`, `set_id`, `max_durability`, `area_bound`, `map_bound`, `duration`, `bag_family`, `disenchant_id`, `food_type`, `min_money_loot`, `max_money_loot`, `wrapped_gift`, `extra_flags`, `other_team_entry`) VALUES (35002, 0, 15, 0, 'Darnassus Hearthstone', '', 38292, 4, 64, 1, 3500000, 650000, 0, -1, -1, 1, 0, 0, 0, 0, 0, 0, 0, 0, 1, 1, 0, 0, 0, 0, 0, 0, 0, 0, 0, 0, 0, 0, 0, 0, 0, 0, 0, 0, 0, 0, 0, 0, 0, 0, 0, 0, 0, 0, 0, 0, 0, 0, 0, 0, 0, 0, 0, 0, 0, 0, 0, 0, 0, 0, 0, 0, 0, 33399, 0, 0, 0, 43200000, 0, -1, 0, 0, 0, 0, -1, 0, -1, 0, 0, 0, 0, -1, 0, -1, 0, 0, 0, 0, -1, 0, -1, 0, 0, 0, 0, 0, 0, 0, 1, 0, 0, 0, 0, 0, 0, 0, 0, 0, 0, 0, 0, 0, 0, 0, 0, 0, 0, 0, 0, 1);
INSERT INTO `item_template` (`entry`, `patch`, `class`, `subclass`, `name`, `description`, `display_id`, `quality`, `flags`, `buy_count`, `buy_price`, `sell_price`, `inventory_type`, `allowable_class`, `allowable_race`, `item_level`, `required_level`, `required_skill`, `required_skill_rank`, `required_spell`, `required_honor_rank`, `required_city_rank`, `required_reputation_faction`, `required_reputation_rank`, `max_count`, `stackable`, `container_slots`, `stat_type1`, `stat_value1`, `stat_type2`, `stat_value2`, `stat_type3`, `stat_value3`, `stat_type4`, `stat_value4`, `stat_type5`, `stat_value5`, `stat_type6`, `stat_value6`, `stat_type7`, `stat_value7`, `stat_type8`, `stat_value8`, `stat_type9`, `stat_value9`, `stat_type10`, `stat_value10`, `delay`, `range_mod`, `ammo_type`, `dmg_min1`, `dmg_max1`, `dmg_type1`, `dmg_min2`, `dmg_max2`, `dmg_type2`, `dmg_min3`, `dmg_max3`, `dmg_type3`, `dmg_min4`, `dmg_max4`, `dmg_type4`, `dmg_min5`, `dmg_max5`, `dmg_type5`, `block`, `armor`, `holy_res`, `fire_res`, `nature_res`, `frost_res`, `shadow_res`, `arcane_res`, `spellid_1`, `spelltrigger_1`, `spellcharges_1`, `spellppmrate_1`, `spellcooldown_1`, `spellcategory_1`, `spellcategorycooldown_1`, `spellid_2`, `spelltrigger_2`, `spellcharges_2`, `spellppmrate_2`, `spellcooldown_2`, `spellcategory_2`, `spellcategorycooldown_2`, `spellid_3`, `spelltrigger_3`, `spellcharges_3`, `spellppmrate_3`, `spellcooldown_3`, `spellcategory_3`, `spellcategorycooldown_3`, `spellid_4`, `spelltrigger_4`, `spellcharges_4`, `spellppmrate_4`, `spellcooldown_4`, `spellcategory_4`, `spellcategorycooldown_4`, `spellid_5`, `spelltrigger_5`, `spellcharges_5`, `spellppmrate_5`, `spellcooldown_5`, `spellcategory_5`, `spellcategorycooldown_5`, `bonding`, `page_text`, `page_language`, `page_material`, `start_quest`, `lock_id`, `material`, `sheath`, `random_property`, `set_id`, `max_durability`, `area_bound`, `map_bound`, `duration`, `bag_family`, `disenchant_id`, `food_type`, `min_money_loot`, `max_money_loot`, `wrapped_gift`, `extra_flags`, `other_team_entry`) VALUES (35003, 0, 15, 0, 'Orgrimmar Hearthstone', '', 38293, 4, 64, 1, 3500000, 650000, 0, -1, -1, 1, 0, 0, 0, 0, 0, 0, 0, 0, 1, 1, 0, 0, 0, 0, 0, 0, 0, 0, 0, 0, 0, 0, 0, 0, 0, 0, 0, 0, 0, 0, 0, 0, 0, 0, 0, 0, 0, 0, 0, 0, 0, 0, 0, 0, 0, 0, 0, 0, 0, 0, 0, 0, 0, 0, 0, 0, 0, 33400, 0, 0, 0, 43200000, 0, -1, 0, 0, 0, 0, -1, 0, -1, 0, 0, 0, 0, -1, 0, -1, 0, 0, 0, 0, -1, 0, -1, 0, 0, 0, 0, 0, 0, 0, 1, 0, 0, 0, 0, 0, 0, 0, 0, 0, 0, 0, 0, 0, 0, 0, 0, 0, 0, 0, 0, 1);
INSERT INTO `item_template` (`entry`, `patch`, `class`, `subclass`, `name`, `description`, `display_id`, `quality`, `flags`, `buy_count`, `buy_price`, `sell_price`, `inventory_type`, `allowable_class`, `allowable_race`, `item_level`, `required_level`, `required_skill`, `required_skill_rank`, `required_spell`, `required_honor_rank`, `required_city_rank`, `required_reputation_faction`, `required_reputation_rank`, `max_count`, `stackable`, `container_slots`, `stat_type1`, `stat_value1`, `stat_type2`, `stat_value2`, `stat_type3`, `stat_value3`, `stat_type4`, `stat_value4`, `stat_type5`, `stat_value5`, `stat_type6`, `stat_value6`, `stat_type7`, `stat_value7`, `stat_type8`, `stat_value8`, `stat_type9`, `stat_value9`, `stat_type10`, `stat_value10`, `delay`, `range_mod`, `ammo_type`, `dmg_min1`, `dmg_max1`, `dmg_type1`, `dmg_min2`, `dmg_max2`, `dmg_type2`, `dmg_min3`, `dmg_max3`, `dmg_type3`, `dmg_min4`, `dmg_max4`, `dmg_type4`, `dmg_min5`, `dmg_max5`, `dmg_type5`, `block`, `armor`, `holy_res`, `fire_res`, `nature_res`, `frost_res`, `shadow_res`, `arcane_res`, `spellid_1`, `spelltrigger_1`, `spellcharges_1`, `spellppmrate_1`, `spellcooldown_1`, `spellcategory_1`, `spellcategorycooldown_1`, `spellid_2`, `spelltrigger_2`, `spellcharges_2`, `spellppmrate_2`, `spellcooldown_2`, `spellcategory_2`, `spellcategorycooldown_2`, `spellid_3`, `spelltrigger_3`, `spellcharges_3`, `spellppmrate_3`, `spellcooldown_3`, `spellcategory_3`, `spellcategorycooldown_3`, `spellid_4`, `spelltrigger_4`, `spellcharges_4`, `spellppmrate_4`, `spellcooldown_4`, `spellcategory_4`, `spellcategorycooldown_4`, `spellid_5`, `spelltrigger_5`, `spellcharges_5`, `spellppmrate_5`, `spellcooldown_5`, `spellcategory_5`, `spellcategorycooldown_5`, `bonding`, `page_text`, `page_language`, `page_material`, `start_quest`, `lock_id`, `material`, `sheath`, `random_property`, `set_id`, `max_durability`, `area_bound`, `map_bound`, `duration`, `bag_family`, `disenchant_id`, `food_type`, `min_money_loot`, `max_money_loot`, `wrapped_gift`, `extra_flags`, `other_team_entry`) VALUES (35004, 0, 15, 0, 'Orgrimmar Hearthstone', '', 38294, 4, 64, 1, 3500000, 650000, 0, -1, -1, 1, 0, 0, 0, 0, 0, 0, 0, 0, 1, 1, 0, 0, 0, 0, 0, 0, 0, 0, 0, 0, 0, 0, 0, 0, 0, 0, 0, 0, 0, 0, 0, 0, 0, 0, 0, 0, 0, 0, 0, 0, 0, 0, 0, 0, 0, 0, 0, 0, 0, 0, 0, 0, 0, 0, 0, 0, 0, 33401, 0, 0, 0, 43200000, 0, -1, 0, 0, 0, 0, -1, 0, -1, 0, 0, 0, 0, -1, 0, -1, 0, 0, 0, 0, -1, 0, -1, 0, 0, 0, 0, 0, 0, 0, 1, 0, 0, 0, 0, 0, 0, 0, 0, 0, 0, 0, 0, 0, 0, 0, 0, 0, 0, 0, 0, 1);
INSERT INTO `item_template` (`entry`, `patch`, `class`, `subclass`, `name`, `description`, `display_id`, `quality`, `flags`, `buy_count`, `buy_price`, `sell_price`, `inventory_type`, `allowable_class`, `allowable_race`, `item_level`, `required_level`, `required_skill`, `required_skill_rank`, `required_spell`, `required_honor_rank`, `required_city_rank`, `required_reputation_faction`, `required_reputation_rank`, `max_count`, `stackable`, `container_slots`, `stat_type1`, `stat_value1`, `stat_type2`, `stat_value2`, `stat_type3`, `stat_value3`, `stat_type4`, `stat_value4`, `stat_type5`, `stat_value5`, `stat_type6`, `stat_value6`, `stat_type7`, `stat_value7`, `stat_type8`, `stat_value8`, `stat_type9`, `stat_value9`, `stat_type10`, `stat_value10`, `delay`, `range_mod`, `ammo_type`, `dmg_min1`, `dmg_max1`, `dmg_type1`, `dmg_min2`, `dmg_max2`, `dmg_type2`, `dmg_min3`, `dmg_max3`, `dmg_type3`, `dmg_min4`, `dmg_max4`, `dmg_type4`, `dmg_min5`, `dmg_max5`, `dmg_type5`, `block`, `armor`, `holy_res`, `fire_res`, `nature_res`, `frost_res`, `shadow_res`, `arcane_res`, `spellid_1`, `spelltrigger_1`, `spellcharges_1`, `spellppmrate_1`, `spellcooldown_1`, `spellcategory_1`, `spellcategorycooldown_1`, `spellid_2`, `spelltrigger_2`, `spellcharges_2`, `spellppmrate_2`, `spellcooldown_2`, `spellcategory_2`, `spellcategorycooldown_2`, `spellid_3`, `spelltrigger_3`, `spellcharges_3`, `spellppmrate_3`, `spellcooldown_3`, `spellcategory_3`, `spellcategorycooldown_3`, `spellid_4`, `spelltrigger_4`, `spellcharges_4`, `spellppmrate_4`, `spellcooldown_4`, `spellcategory_4`, `spellcategorycooldown_4`, `spellid_5`, `spelltrigger_5`, `spellcharges_5`, `spellppmrate_5`, `spellcooldown_5`, `spellcategory_5`, `spellcategorycooldown_5`, `bonding`, `page_text`, `page_language`, `page_material`, `start_quest`, `lock_id`, `material`, `sheath`, `random_property`, `set_id`, `max_durability`, `area_bound`, `map_bound`, `duration`, `bag_family`, `disenchant_id`, `food_type`, `min_money_loot`, `max_money_loot`, `wrapped_gift`, `extra_flags`, `other_team_entry`) VALUES (35005, 0, 15, 0, 'Orgrimmar Hearthstone', '', 38295, 4, 64, 1, 3500000, 650000, 0, -1, -1, 1, 0, 0, 0, 0, 0, 0, 0, 0, 1, 1, 0, 0, 0, 0, 0, 0, 0, 0, 0, 0, 0, 0, 0, 0, 0, 0, 0, 0, 0, 0, 0, 0, 0, 0, 0, 0, 0, 0, 0, 0, 0, 0, 0, 0, 0, 0, 0, 0, 0, 0, 0, 0, 0, 0, 0, 0, 0, 33402, 0, 0, 0, 43200000, 0, -1, 0, 0, 0, 0, -1, 0, -1, 0, 0, 0, 0, -1, 0, -1, 0, 0, 0, 0, -1, 0, -1, 0, 0, 0, 0, 0, 0, 0, 1, 0, 0, 0, 0, 0, 0, 0, 0, 0, 0, 0, 0, 0, 0, 0, 0, 0, 0, 0, 0, 1);

INSERT INTO `npc_vendor` (`entry`, `item`, `maxcount`, `incrtime`, `slot`, `condition_id`) VALUES (6746, 35004, 0, 0, 0, 0);
INSERT INTO `npc_vendor` (`entry`, `item`, `maxcount`, `incrtime`, `slot`, `condition_id`) VALUES (6741, 35005, 0, 0, 0, 0);
INSERT INTO `npc_vendor` (`entry`, `item`, `maxcount`, `incrtime`, `slot`, `condition_id`) VALUES (6740, 35000, 0, 0, 0, 0);
INSERT INTO `npc_vendor` (`entry`, `item`, `maxcount`, `incrtime`, `slot`, `condition_id`) VALUES (6735, 35002, 0, 0, 0, 0);
INSERT INTO `npc_vendor` (`entry`, `item`, `maxcount`, `incrtime`, `slot`, `condition_id`) VALUES (5111, 35001, 0, 0, 0, 0);
INSERT INTO `npc_vendor` (`entry`, `item`, `maxcount`, `incrtime`, `slot`, `condition_id`) VALUES (6929, 35003, 0, 0, 0, 0);


INSERT INTO `gossip_menu` (`entry`, `text_id`, `script_id`, `condition_id`) VALUES (22019, 22013, 0, 0);
INSERT INTO `gossip_menu` (`entry`, `text_id`, `script_id`, `condition_id`) VALUES (22020, 22014, 0, 0);
INSERT INTO `gossip_menu` (`entry`, `text_id`, `script_id`, `condition_id`) VALUES (22021, 22015, 0, 0);
INSERT INTO `gossip_menu` (`entry`, `text_id`, `script_id`, `condition_id`) VALUES (22022, 22016, 0, 0);
INSERT INTO `gossip_menu` (`entry`, `text_id`, `script_id`, `condition_id`) VALUES (22023, 22017, 0, 0);
INSERT INTO `gossip_menu` (`entry`, `text_id`, `script_id`, `condition_id`) VALUES (22024, 22018, 0, 0);

INSERT INTO `npc_text` (`ID`, `BroadcastTextID0`, `Probability0`, `BroadcastTextID1`, `Probability1`, `BroadcastTextID2`, `Probability2`, `BroadcastTextID3`, `Probability3`, `BroadcastTextID4`, `Probability4`, `BroadcastTextID5`, `Probability5`, `BroadcastTextID6`, `Probability6`, `BroadcastTextID7`, `Probability7`) VALUES (22013, 22013, 1, 0, 0, 0, 0, 0, 0, 0, 0, 0, 0, 0, 0, 0, 0);
INSERT INTO `npc_text` (`ID`, `BroadcastTextID0`, `Probability0`, `BroadcastTextID1`, `Probability1`, `BroadcastTextID2`, `Probability2`, `BroadcastTextID3`, `Probability3`, `BroadcastTextID4`, `Probability4`, `BroadcastTextID5`, `Probability5`, `BroadcastTextID6`, `Probability6`, `BroadcastTextID7`, `Probability7`) VALUES (22014, 22014, 1, 0, 0, 0, 0, 0, 0, 0, 0, 0, 0, 0, 0, 0, 0);
INSERT INTO `npc_text` (`ID`, `BroadcastTextID0`, `Probability0`, `BroadcastTextID1`, `Probability1`, `BroadcastTextID2`, `Probability2`, `BroadcastTextID3`, `Probability3`, `BroadcastTextID4`, `Probability4`, `BroadcastTextID5`, `Probability5`, `BroadcastTextID6`, `Probability6`, `BroadcastTextID7`, `Probability7`) VALUES (22015, 22015, 1, 0, 0, 0, 0, 0, 0, 0, 0, 0, 0, 0, 0, 0, 0);
INSERT INTO `npc_text` (`ID`, `BroadcastTextID0`, `Probability0`, `BroadcastTextID1`, `Probability1`, `BroadcastTextID2`, `Probability2`, `BroadcastTextID3`, `Probability3`, `BroadcastTextID4`, `Probability4`, `BroadcastTextID5`, `Probability5`, `BroadcastTextID6`, `Probability6`, `BroadcastTextID7`, `Probability7`) VALUES (22016, 22016, 1, 0, 0, 0, 0, 0, 0, 0, 0, 0, 0, 0, 0, 0, 0);
INSERT INTO `npc_text` (`ID`, `BroadcastTextID0`, `Probability0`, `BroadcastTextID1`, `Probability1`, `BroadcastTextID2`, `Probability2`, `BroadcastTextID3`, `Probability3`, `BroadcastTextID4`, `Probability4`, `BroadcastTextID5`, `Probability5`, `BroadcastTextID6`, `Probability6`, `BroadcastTextID7`, `Probability7`) VALUES (22017, 22017, 1, 0, 0, 0, 0, 0, 0, 0, 0, 0, 0, 0, 0, 0, 0);
INSERT INTO `npc_text` (`ID`, `BroadcastTextID0`, `Probability0`, `BroadcastTextID1`, `Probability1`, `BroadcastTextID2`, `Probability2`, `BroadcastTextID3`, `Probability3`, `BroadcastTextID4`, `Probability4`, `BroadcastTextID5`, `Probability5`, `BroadcastTextID6`, `Probability6`, `BroadcastTextID7`, `Probability7`) VALUES (22018, 22018, 1, 0, 0, 0, 0, 0, 0, 0, 0, 0, 0, 0, 0, 0, 0);

INSERT INTO `broadcast_text` (`entry`, `male_text`, `female_text`, `chat_type`, `sound_id`, `language_id`, `emote_id1`, `emote_id2`, `emote_id3`, `emote_delay1`, `emote_delay2`, `emote_delay3`) VALUES (22013, 'Ho there, wanderer! Behold this Hearthstone – a rare gem in these parts. What\'s it do, you ask? Well, it\'s a swift ticket back to Thunder Bluff, no matter where you roam. No more fuss with different hearthstones – this one\'s a straight shot. Crafted with the grace of tauren wisdom and arcane flair, it\'s a rare find. We\'ve got just a few in stock, so if you\'re yearning for the pinnacle of travel ease, consider it yours.', NULL, 0, 0, 0, 0, 0, 0, 0, 0, 0);
INSERT INTO `broadcast_text` (`entry`, `male_text`, `female_text`, `chat_type`, `sound_id`, `language_id`, `emote_id1`, `emote_id2`, `emote_id3`, `emote_delay1`, `emote_delay2`, `emote_delay3`) VALUES (22014, 'Hail, warrior! This is a rare treasure in Orgrimmar. Wondering what it does? Simple – it zips you straight back here, no matter where you\'re adventuring. No more juggling different hearthstones – this one\'s your direct route. Forged with orcish strength and arcane prowess, it\'s a prized possession. ', NULL, 0, 0, 0, 0, 0, 0, 0, 0, 0);
INSERT INTO `broadcast_text` (`entry`, `male_text`, `female_text`, `chat_type`, `sound_id`, `language_id`, `emote_id1`, `emote_id2`, `emote_id3`, `emote_delay1`, `emote_delay2`, `emote_delay3`) VALUES (22015, 'This is a rare gem found in the eerie corners of Undercity. Wondering what sets it apart? Quite simple – it whisks you straight back to Undercity, no matter where you tread. No more fumbling with various hearthstones – this one\'s your direct path. Forged with undead resilience and arcane mastery, it\'s a coveted find. Limited in stock, so if you desire the epitome of travel ease, this is your chance.', NULL, 0, 0, 0, 0, 0, 0, 0, 0, 0);
INSERT INTO `broadcast_text` (`entry`, `male_text`, `female_text`, `chat_type`, `sound_id`, `language_id`, `emote_id1`, `emote_id2`, `emote_id3`, `emote_delay1`, `emote_delay2`, `emote_delay3`) VALUES (22016, 'This is a rare treasure in the heart of Stormwind. Curious about its powers? Simple – it swiftly transports you back to Stormwind, no matter where your quests take you. This one\'s your shortcut. Crafted with human precision and arcane mastery, it\'s a distinguished possession. Limited supply, so if you seek the pinnacle of travel ease, this is your solution.', NULL, 0, 0, 0, 0, 0, 0, 0, 0, 0);
INSERT INTO `broadcast_text` (`entry`, `male_text`, `female_text`, `chat_type`, `sound_id`, `language_id`, `emote_id1`, `emote_id2`, `emote_id3`, `emote_delay1`, `emote_delay2`, `emote_delay3`) VALUES (22017, 'A rare find in these parts. Jump straight to Ironforge, bypassing the usual hearthstone fuss. Crafted with dwarven precision and arcane flair, these gems are as exclusive as they come. Limited stock, so don\'t dawdle.', NULL, 0, 0, 0, 0, 0, 0, 0, 0, 0);
INSERT INTO `broadcast_text` (`entry`, `male_text`, `female_text`, `chat_type`, `sound_id`, `language_id`, `emote_id1`, `emote_id2`, `emote_id3`, `emote_delay1`, `emote_delay2`, `emote_delay3`) VALUES (22018, 'A rare treasure nestled in Darnassus. Wondering what sets it apart? Quite simply, it swiftly spirits you back to here, no matter where your nocturnal ventures lead. Bid farewell to the complexities of other hearthstones – this one\'s your celestial shortcut. Crafted with night elf finesse and arcane mastery, it\'s a unique possession. Limited availability, so be quick.', NULL, 0, 0, 0, 0, 0, 0, 0, 0, 0);

INSERT INTO `gossip_menu_option` (`menu_id`, `id`, `option_icon`, `option_text`, `option_broadcast_text`, `option_id`, `npc_option_npcflag`, `action_menu_id`, `action_poi_id`, `action_script_id`, `box_coded`, `box_money`, `box_text`, `box_broadcast_text`, `condition_id`) VALUES (344, 6, 0, 'What is this special Heathstone you offer?', 0, 1, 1, 22019, 0, 0, 0, 0, NULL, 0, 4500);
INSERT INTO `gossip_menu_option` (`menu_id`, `id`, `option_icon`, `option_text`, `option_broadcast_text`, `option_id`, `npc_option_npcflag`, `action_menu_id`, `action_poi_id`, `action_script_id`, `box_coded`, `box_money`, `box_text`, `box_broadcast_text`, `condition_id`) VALUES (441, 6, 0, 'What is this special Heathstone you offer?', 0, 1, 1, 22020, 0, 0, 0, 0, NULL, 0, 4500);
INSERT INTO `gossip_menu_option` (`menu_id`, `id`, `option_icon`, `option_text`, `option_broadcast_text`, `option_id`, `npc_option_npcflag`, `action_menu_id`, `action_poi_id`, `action_script_id`, `box_coded`, `box_money`, `box_text`, `box_broadcast_text`, `condition_id`) VALUES (343, 7, 0, 'What is this special Heathstone you offer?', 0, 1, 1, 22021, 0, 0, 0, 0, '', 0, 440);
INSERT INTO `gossip_menu_option` (`menu_id`, `id`, `option_icon`, `option_text`, `option_broadcast_text`, `option_id`, `npc_option_npcflag`, `action_menu_id`, `action_poi_id`, `action_script_id`, `box_coded`, `box_money`, `box_text`, `box_broadcast_text`, `condition_id`) VALUES (342, 6, 0, 'What is this special Heathstone you offer?', 0, 1, 1, 22022, 0, 0, 0, 0, NULL, 0, 0);
INSERT INTO `gossip_menu_option` (`menu_id`, `id`, `option_icon`, `option_text`, `option_broadcast_text`, `option_id`, `npc_option_npcflag`, `action_menu_id`, `action_poi_id`, `action_script_id`, `box_coded`, `box_money`, `box_text`, `box_broadcast_text`, `condition_id`) VALUES (345, 6, 0, 'What is this special Heathstone you offer?', 0, 1, 1, 22023, 0, 0, 0, 0, NULL, 0, 4500);
INSERT INTO `gossip_menu_option` (`menu_id`, `id`, `option_icon`, `option_text`, `option_broadcast_text`, `option_id`, `npc_option_npcflag`, `action_menu_id`, `action_poi_id`, `action_script_id`, `box_coded`, `box_money`, `box_text`, `box_broadcast_text`, `condition_id`) VALUES (1581, 6, 0, 'What is this special Heathstone you offer?', 0, 1, 1, 22024, 0, 0, 0, 0, NULL, 0, 0);
