INSERT INTO `creature_movement_scripts` (`id`, `delay`, `priority`, `command`, `datalong`, `datalong2`, `datalong3`, `datalong4`, `target_param1`, `target_param2`, `target_type`, `data_flags`, `dataint`, `dataint2`, `dataint3`, `dataint4`, `x`, `y`, `z`, `o`, `condition_id`, `comments`) VALUES (5111111, 0, 0, 18, 500, 0, 0, 0, 0, 0, 0, 0, 0, 0, 0, 0, 0, 0, 0, 0, 0, 'Despawn');
INSERT INTO `creature_movement_scripts` (`id`, `delay`, `priority`, `command`, `datalong`, `datalong2`, `datalong3`, `datalong4`, `target_param1`, `target_param2`, `target_type`, `data_flags`, `dataint`, `dataint2`, `dataint3`, `dataint4`, `x`, `y`, `z`, `o`, `condition_id`, `comments`) VALUES (5111111, 0, 0, 15, 24223, 0, 0, 0, 0, 0, 0, 0, 0, 0, 0, 0, 0, 0, 0, 0, 0, 'Despawn');


-- Twigglz
INSERT INTO `creature_template` (`entry`, `patch`, `name`, `subname`, `level_min`, `level_max`, `faction`, `npc_flags`, `gossip_menu_id`, `display_id1`, `display_id2`, `display_id3`, `display_id4`, `display_scale1`, `display_scale2`, `display_scale3`, `display_scale4`, `display_probability1`, `display_probability2`, `display_probability3`, `display_probability4`, `display_total_probability`, `mount_display_id`, `speed_walk`, `speed_run`, `detection_range`, `call_for_help_range`, `leash_range`, `rank`, `xp_multiplier`, `health_multiplier`, `mana_multiplier`, `armor_multiplier`, `damage_multiplier`, `damage_variance`, `damage_school`, `base_attack_time`, `ranged_attack_time`, `holy_res`, `fire_res`, `nature_res`, `frost_res`, `shadow_res`, `arcane_res`, `unit_class`, `unit_flags`, `pet_family`, `trainer_type`, `trainer_spell`, `trainer_class`, `trainer_race`, `type`, `type_flags`, `loot_id`, `pickpocket_loot_id`, `skinning_loot_id`, `gold_min`, `gold_max`, `spell_id1`, `spell_id2`, `spell_id3`, `spell_id4`, `spell_list_id`, `pet_spell_list_id`, `spawn_spell_id`, `auras`, `ai_name`, `movement_type`, `inhabit_type`, `civilian`, `racial_leader`, `regeneration`, `equipment_id`, `trainer_id`, `vendor_id`, `mechanic_immune_mask`, `school_immune_mask`, `flags_extra`, `script_name`) VALUES (19030, 0, 'Twigglz', 'The \'Mad Mount Merchant\'', 49, 49, 35, 4, 0, 7073, 0, 0, 0, 0, 0, 0, 0, 1, 0, 0, 0, 1, 0, 1, 1.38571, 18, 5, 0, 0, 1, 1, 1, 1, 0.9, 0.14, 0, 2000, 2000, 0, 0, 0, 0, 0, 0, 1, 4608, 0, 0, 0, 0, 0, 1, 0, 0, 0, 0, 0, 0, 0, 0, 0, 0, 0, 0, 0, NULL, '', 0, 1, 0, 0, 3, 0, 0, 0, 0, 0, 2, '');
INSERT INTO `creature` (`guid`, `id`, `map`, `position_x`, `position_y`, `position_z`, `orientation`, `spawntimesecsmin`, `spawntimesecsmax`, `Movement_Type`) VALUES (9000456, 19030, 1, 1533.11, -4413.87, 11.855, 6.13547, 3600, 10800,  2);
INSERT INTO `creature_movement_template` (`Entry`, `Point`, `Position_X`, `Position_Y`, `Position_Z`, `Orientation`, `WaitTime`, `Script_Id`) VALUES (19030, 1, 1552.78, -4419.73, 8.85444, 2.83287, 0, 0);
INSERT INTO `creature_movement_template` (`Entry`, `Point`, `Position_X`, `Position_Y`, `Position_Z`, `Orientation`, `WaitTime`, `Script_Id`) VALUES (19030, 2, 1574.91, -4434.92, 5.72679, 2.48729, 0, 0);
INSERT INTO `creature_movement_template` (`Entry`, `Point`, `Position_X`, `Position_Y`, `Position_Z`, `Orientation`, `WaitTime`, `Script_Id`) VALUES (19030, 3, 1597.46, -4438.96, 6.09617, 3.05357, 0, 0);
INSERT INTO `creature_movement_template` (`Entry`, `Point`, `Position_X`, `Position_Y`, `Position_Z`, `Orientation`, `WaitTime`, `Script_Id`) VALUES (19030, 4, 1628.99, -4427.37, 13.4534, 3.47768, 0, 0);
INSERT INTO `creature_movement_template` (`Entry`, `Point`, `Position_X`, `Position_Y`, `Position_Z`, `Orientation`, `WaitTime`, `Script_Id`) VALUES (19030, 5, 1664.03, -4414.48, 17.1674, 3.31667, 0, 0);
INSERT INTO `creature_movement_template` (`Entry`, `Point`, `Position_X`, `Position_Y`, `Position_Z`, `Orientation`, `WaitTime`, `Script_Id`) VALUES (19030, 6, 1685.29, -4387.53, 23.4048, 3.96339, 0, 0);
INSERT INTO `creature_movement_template` (`Entry`, `Point`, `Position_X`, `Position_Y`, `Position_Z`, `Orientation`, `WaitTime`, `Script_Id`) VALUES (19030, 7, 1696.2, -4376.69, 24.6374, 5.09044, 0, 0);
INSERT INTO `creature_movement_template` (`Entry`, `Point`, `Position_X`, `Position_Y`, `Position_Z`, `Orientation`, `WaitTime`, `Script_Id`) VALUES (19030, 8, 1705.94, -4375.65, 26.6542, 6.13894, 0, 0);
INSERT INTO `creature_movement_template` (`Entry`, `Point`, `Position_X`, `Position_Y`, `Position_Z`, `Orientation`, `WaitTime`, `Script_Id`) VALUES (19030, 9, 1717.42, -4385.21, 31.186, 2.22769, 0, 0);
INSERT INTO `creature_movement_template` (`Entry`, `Point`, `Position_X`, `Position_Y`, `Position_Z`, `Orientation`, `WaitTime`, `Script_Id`) VALUES (19030, 10, 1731.9, -4402.91, 35.8348, 2.30231, 0, 0);
INSERT INTO `creature_movement_template` (`Entry`, `Point`, `Position_X`, `Position_Y`, `Position_Z`, `Orientation`, `WaitTime`, `Script_Id`) VALUES (19030, 11, 1737.96, -4417.03, 36.3512, 1.91746, 0, 0);
INSERT INTO `creature_movement_template` (`Entry`, `Point`, `Position_X`, `Position_Y`, `Position_Z`, `Orientation`, `WaitTime`, `Script_Id`) VALUES (19030, 12, 1741.43, -4436.62, 37.5338, 1.75567, 0, 0);
INSERT INTO `creature_movement_template` (`Entry`, `Point`, `Position_X`, `Position_Y`, `Position_Z`, `Orientation`, `WaitTime`, `Script_Id`) VALUES (19030, 13, 1737.58, -4449.05, 37.008, 1.21688, 0, 0);
INSERT INTO `creature_movement_template` (`Entry`, `Point`, `Position_X`, `Position_Y`, `Position_Z`, `Orientation`, `WaitTime`, `Script_Id`) VALUES (19030, 14, 1732.71, -4462.24, 35.2374, 1.21688, 0, 0);
INSERT INTO `creature_movement_template` (`Entry`, `Point`, `Position_X`, `Position_Y`, `Position_Z`, `Orientation`, `WaitTime`, `Script_Id`) VALUES (19030, 15, 1741.65, -4471.54, 34.6072, 5.47571, 0, 0);
INSERT INTO `creature_movement_template` (`Entry`, `Point`, `Position_X`, `Position_Y`, `Position_Z`, `Orientation`, `WaitTime`, `Script_Id`) VALUES (19030, 16, 1754.34, -4484.81, 43.5303, 5.47571, 0, 0);
INSERT INTO `creature_movement_template` (`Entry`, `Point`, `Position_X`, `Position_Y`, `Position_Z`, `Orientation`, `WaitTime`, `Script_Id`) VALUES (19030, 17, 1760.98, -4497.98, 44.5399, 5.6807, 0, 0);
INSERT INTO `creature_movement_template` (`Entry`, `Point`, `Position_X`, `Position_Y`, `Position_Z`, `Orientation`, `WaitTime`, `Script_Id`) VALUES (19030, 18, 1775.73, -4502.71, 44.6236, 6.21869, 0, 0);
INSERT INTO `creature_movement_template` (`Entry`, `Point`, `Position_X`, `Position_Y`, `Position_Z`, `Orientation`, `WaitTime`, `Script_Id`) VALUES (19030, 19, 1787.24, -4502.86, 44.8783, 0.15463, 0, 0);
INSERT INTO `creature_movement_template` (`Entry`, `Point`, `Position_X`, `Position_Y`, `Position_Z`, `Orientation`, `WaitTime`, `Script_Id`) VALUES (19030, 20, 1807.43, -4498.88, 45.5826, 0.256732, 0, 0);
INSERT INTO `creature_movement_template` (`Entry`, `Point`, `Position_X`, `Position_Y`, `Position_Z`, `Orientation`, `WaitTime`, `Script_Id`) VALUES (19030, 21, 1821.02, -4495.25, 46.6172, 0.303856, 0, 0);
INSERT INTO `creature_movement_template` (`Entry`, `Point`, `Position_X`, `Position_Y`, `Position_Z`, `Orientation`, `WaitTime`, `Script_Id`) VALUES (19030, 22, 1843.35, -4486.95, 46.0737, 0.472716, 0, 0);
INSERT INTO `creature_movement_template` (`Entry`, `Point`, `Position_X`, `Position_Y`, `Position_Z`, `Orientation`, `WaitTime`, `Script_Id`) VALUES (19030, 23, 1858.09, -4475.96, 47.2805, 0.67692, 0, 0);
INSERT INTO `creature_movement_template` (`Entry`, `Point`, `Position_X`, `Position_Y`, `Position_Z`, `Orientation`, `WaitTime`, `Script_Id`) VALUES (19030, 24, 1887.92, -4444.69, 53.268, 0.814365, 0, 0);
INSERT INTO `creature_movement_template` (`Entry`, `Point`, `Position_X`, `Position_Y`, `Position_Z`, `Orientation`, `WaitTime`, `Script_Id`) VALUES (19030, 25, 1908.4, -4419.57, 47.9156, 1.1246, 0, 0);
INSERT INTO `creature_movement_template` (`Entry`, `Point`, `Position_X`, `Position_Y`, `Position_Z`, `Orientation`, `WaitTime`, `Script_Id`) VALUES (19030, 26, 1911.39, -4406.39, 47.9373, 4.63143, 0, 0);
INSERT INTO `creature_movement_template` (`Entry`, `Point`, `Position_X`, `Position_Y`, `Position_Z`, `Orientation`, `WaitTime`, `Script_Id`) VALUES (19030, 27, 1909.11, -4395.07, 48.9367, 1.79222, 0, 0);
INSERT INTO `creature_movement_template` (`Entry`, `Point`, `Position_X`, `Position_Y`, `Position_Z`, `Orientation`, `WaitTime`, `Script_Id`) VALUES (19030, 28, 1903.84, -4371.45, 45.9121, 1.81971, 0, 0);
INSERT INTO `creature_movement_template` (`Entry`, `Point`, `Position_X`, `Position_Y`, `Position_Z`, `Orientation`, `WaitTime`, `Script_Id`) VALUES (19030, 29, 1893.15, -4354.55, 37.0932, 2.47944, 0, 0);
INSERT INTO `creature_movement_template` (`Entry`, `Point`, `Position_X`, `Position_Y`, `Position_Z`, `Orientation`, `WaitTime`, `Script_Id`) VALUES (19030, 30, 1873.84, -4338.75, 30.0541, 2.20063, 0, 0);
INSERT INTO `creature_movement_template` (`Entry`, `Point`, `Position_X`, `Position_Y`, `Position_Z`, `Orientation`, `WaitTime`, `Script_Id`) VALUES (19030, 31, 1874.42, -4340.79, 29.6295, 2.42839, 0, 0);
INSERT INTO `creature_movement_template` (`Entry`, `Point`, `Position_X`, `Position_Y`, `Position_Z`, `Orientation`, `WaitTime`, `Script_Id`) VALUES (19030, 32, 1865.59, -4323.73, 32.2404, 6.12369, 0, 0);
INSERT INTO `creature_movement_template` (`Entry`, `Point`, `Position_X`, `Position_Y`, `Position_Z`, `Orientation`, `WaitTime`, `Script_Id`) VALUES (19030, 33, 1868.62, -4310.98, 31.6863, 1.07515, 0, 0);
INSERT INTO `creature_movement_template` (`Entry`, `Point`, `Position_X`, `Position_Y`, `Position_Z`, `Orientation`, `WaitTime`, `Script_Id`) VALUES (19030, 34, 1875.44, -4300.1, 31.7113, 0.963621, 0, 0);
INSERT INTO `creature_movement_template` (`Entry`, `Point`, `Position_X`, `Position_Y`, `Position_Z`, `Orientation`, `WaitTime`, `Script_Id`) VALUES (19030, 35, 1887.92, -4284.29, 30.4255, 0.924351, 0, 0);
INSERT INTO `creature_movement_template` (`Entry`, `Point`, `Position_X`, `Position_Y`, `Position_Z`, `Orientation`, `WaitTime`, `Script_Id`) VALUES (19030, 36, 1883.87, -4275.93, 31.0911, 2.17958, 0, 0);
INSERT INTO `creature_movement_template` (`Entry`, `Point`, `Position_X`, `Position_Y`, `Position_Z`, `Orientation`, `WaitTime`, `Script_Id`) VALUES (19030, 37, 1869.63, -4261.11, 33.6387, 2.40735, 0, 0);
INSERT INTO `creature_movement_template` (`Entry`, `Point`, `Position_X`, `Position_Y`, `Position_Z`, `Orientation`, `WaitTime`, `Script_Id`) VALUES (19030, 38, 1852.79, -4246.53, 41.4622, 5.5403, 0, 0);
INSERT INTO `creature_movement_template` (`Entry`, `Point`, `Position_X`, `Position_Y`, `Position_Z`, `Orientation`, `WaitTime`, `Script_Id`) VALUES (19030, 39, 1797.95, -4230.87, 39.2672, 6.02725, 0, 0);
INSERT INTO `creature_movement_template` (`Entry`, `Point`, `Position_X`, `Position_Y`, `Position_Z`, `Orientation`, `WaitTime`, `Script_Id`) VALUES (19030, 40, 1782.13, -4217.36, 38.6399, 1.34941, 0, 0);
INSERT INTO `creature_movement_template` (`Entry`, `Point`, `Position_X`, `Position_Y`, `Position_Z`, `Orientation`, `WaitTime`, `Script_Id`) VALUES (19030, 41, 1783.46, -4206.92, 40.0077, 1.33763, 20000, 0);
INSERT INTO `creature_movement_template` (`Entry`, `Point`, `Position_X`, `Position_Y`, `Position_Z`, `Orientation`, `WaitTime`, `Script_Id`) VALUES (19030, 42, 1781.75, -4218.33, 38.6744, 4.42503, 0, 0);
INSERT INTO `creature_movement_template` (`Entry`, `Point`, `Position_X`, `Position_Y`, `Position_Z`, `Orientation`, `WaitTime`, `Script_Id`) VALUES (19030, 43, 1779.62, -4237.54, 39.2499, 4.16506, 0, 0);
INSERT INTO `creature_movement_template` (`Entry`, `Point`, `Position_X`, `Position_Y`, `Position_Z`, `Orientation`, `WaitTime`, `Script_Id`) VALUES (19030, 44, 1763.5, -4248.9, 33.7852, 0.536524, 0, 0);
INSERT INTO `creature_movement_template` (`Entry`, `Point`, `Position_X`, `Position_Y`, `Position_Z`, `Orientation`, `WaitTime`, `Script_Id`) VALUES (19030, 45, 1746.43, -4257.13, 26.5211, 3.70561, 0, 0);
INSERT INTO `creature_movement_template` (`Entry`, `Point`, `Position_X`, `Position_Y`, `Position_Z`, `Orientation`, `WaitTime`, `Script_Id`) VALUES (19030, 46, 1736.14, -4266.69, 20.1844, 3.89018, 0, 0);
INSERT INTO `creature_movement_template` (`Entry`, `Point`, `Position_X`, `Position_Y`, `Position_Z`, `Orientation`, `WaitTime`, `Script_Id`) VALUES (19030, 47, 1734.45, -4273.6, 17.9528, 4.56562, 0, 0);
INSERT INTO `creature_movement_template` (`Entry`, `Point`, `Position_X`, `Position_Y`, `Position_Z`, `Orientation`, `WaitTime`, `Script_Id`) VALUES (19030, 48, 1734.89, -4280.58, 16.2665, 5.11539, 0, 0);
INSERT INTO `creature_movement_template` (`Entry`, `Point`, `Position_X`, `Position_Y`, `Position_Z`, `Orientation`, `WaitTime`, `Script_Id`) VALUES (19030, 49, 1741.56, -4296.93, 14.5234, 5.48139, 0, 0);
INSERT INTO `creature_movement_template` (`Entry`, `Point`, `Position_X`, `Position_Y`, `Position_Z`, `Orientation`, `WaitTime`, `Script_Id`) VALUES (19030, 50, 1759.44, -4306.98, 6.62594, 0.235708, 0, 0);
INSERT INTO `creature_movement_template` (`Entry`, `Point`, `Position_X`, `Position_Y`, `Position_Z`, `Orientation`, `WaitTime`, `Script_Id`) VALUES (19030, 51, 1768.25, -4300.84, 7.04006, 0.834967, 0, 0);
INSERT INTO `creature_movement_template` (`Entry`, `Point`, `Position_X`, `Position_Y`, `Position_Z`, `Orientation`, `WaitTime`, `Script_Id`) VALUES (19030, 52, 1777.65, -4293.83, 6.39514, 0.469756, 0, 0);
INSERT INTO `creature_movement_template` (`Entry`, `Point`, `Position_X`, `Position_Y`, `Position_Z`, `Orientation`, `WaitTime`, `Script_Id`) VALUES (19030, 53, 1798.17, -4284.95, 7.13023, 0.383363, 0, 0);
INSERT INTO `creature_movement_template` (`Entry`, `Point`, `Position_X`, `Position_Y`, `Position_Z`, `Orientation`, `WaitTime`, `Script_Id`) VALUES (19030, 54, 1808.34, -4273.8, 7.12471, 0.87031, 15000, 0);
INSERT INTO `creature_movement_template` (`Entry`, `Point`, `Position_X`, `Position_Y`, `Position_Z`, `Orientation`, `WaitTime`, `Script_Id`) VALUES (19030, 55, 1803.22, -4280.69, 7.38991, 3.72131, 0, 0);
INSERT INTO `creature_movement_template` (`Entry`, `Point`, `Position_X`, `Position_Y`, `Position_Z`, `Orientation`, `WaitTime`, `Script_Id`) VALUES (19030, 56, 1780.57, -4291.12, 6.40746, 3.46527, 0, 0);
INSERT INTO `creature_movement_template` (`Entry`, `Point`, `Position_X`, `Position_Y`, `Position_Z`, `Orientation`, `WaitTime`, `Script_Id`) VALUES (19030, 57, 1781.7, -4296.02, 5.00351, 5.2764, 0, 0);
INSERT INTO `creature_movement_template` (`Entry`, `Point`, `Position_X`, `Position_Y`, `Position_Z`, `Orientation`, `WaitTime`, `Script_Id`) VALUES (19030, 58, 1797.04, -4325.38, -11.5744, 5.15687, 0, 0);
INSERT INTO `creature_movement_template` (`Entry`, `Point`, `Position_X`, `Position_Y`, `Position_Z`, `Orientation`, `WaitTime`, `Script_Id`) VALUES (19030, 59, 1811.62, -4355.6, -10.5586, 5.17258, 0, 0);
INSERT INTO `creature_movement_template` (`Entry`, `Point`, `Position_X`, `Position_Y`, `Position_Z`, `Orientation`, `WaitTime`, `Script_Id`) VALUES (19030, 60, 1821.67, -4372.72, -7.67837, 5.25897, 0, 0);
INSERT INTO `creature_movement_template` (`Entry`, `Point`, `Position_X`, `Position_Y`, `Position_Z`, `Orientation`, `WaitTime`, `Script_Id`) VALUES (19030, 61, 1835.37, -4395.24, 2.09233, 5.25897, 0, 0);
INSERT INTO `creature_movement_template` (`Entry`, `Point`, `Position_X`, `Position_Y`, `Position_Z`, `Orientation`, `WaitTime`, `Script_Id`) VALUES (19030, 62, 1847.5, -4412.29, 4.84651, 5.34144, 0, 0);
INSERT INTO `creature_movement_template` (`Entry`, `Point`, `Position_X`, `Position_Y`, `Position_Z`, `Orientation`, `WaitTime`, `Script_Id`) VALUES (19030, 63, 1852.53, -4416.98, 5.32546, 2.32943, 0, 0);
INSERT INTO `creature_movement_template` (`Entry`, `Point`, `Position_X`, `Position_Y`, `Position_Z`, `Orientation`, `WaitTime`, `Script_Id`) VALUES (19030, 64, 1862.59, -4418.07, 6.70188, 6.18181, 0, 0);
INSERT INTO `creature_movement_template` (`Entry`, `Point`, `Position_X`, `Position_Y`, `Position_Z`, `Orientation`, `WaitTime`, `Script_Id`) VALUES (19030, 65, 1880.2, -4418.38, 9.79653, 6.03494, 0, 0);
INSERT INTO `creature_movement_template` (`Entry`, `Point`, `Position_X`, `Position_Y`, `Position_Z`, `Orientation`, `WaitTime`, `Script_Id`) VALUES (19030, 66, 1889.83, -4422.63, 12.4525, 2.68129, 0, 0);
INSERT INTO `creature_movement_template` (`Entry`, `Point`, `Position_X`, `Position_Y`, `Position_Z`, `Orientation`, `WaitTime`, `Script_Id`) VALUES (19030, 67, 1894.63, -4428.78, 14.2782, 2.02705, 0, 0);
INSERT INTO `creature_movement_template` (`Entry`, `Point`, `Position_X`, `Position_Y`, `Position_Z`, `Orientation`, `WaitTime`, `Script_Id`) VALUES (19030, 68, 1895.93, -4440.99, 16.6597, 4.60865, 0, 0);
INSERT INTO `creature_movement_template` (`Entry`, `Point`, `Position_X`, `Position_Y`, `Position_Z`, `Orientation`, `WaitTime`, `Script_Id`) VALUES (19030, 69, 1891.26, -4455.76, 18.6325, 4.40209, 0, 0);
INSERT INTO `creature_movement_template` (`Entry`, `Point`, `Position_X`, `Position_Y`, `Position_Z`, `Orientation`, `WaitTime`, `Script_Id`) VALUES (19030, 70, 1887.75, -4473.73, 19.6203, 4.62358, 0, 0);
INSERT INTO `creature_movement_template` (`Entry`, `Point`, `Position_X`, `Position_Y`, `Position_Z`, `Orientation`, `WaitTime`, `Script_Id`) VALUES (19030, 71, 1893.23, -4481.11, 19.911, 5.46002, 0, 0);
INSERT INTO `creature_movement_template` (`Entry`, `Point`, `Position_X`, `Position_Y`, `Position_Z`, `Orientation`, `WaitTime`, `Script_Id`) VALUES (19030, 72, 1904.75, -4486.58, 21.8714, 4.09657, 0, 0);
INSERT INTO `creature_movement_template` (`Entry`, `Point`, `Position_X`, `Position_Y`, `Position_Z`, `Orientation`, `WaitTime`, `Script_Id`) VALUES (19030, 73, 1907.27, -4497.33, 23.662, 4.6165, 0, 0);
INSERT INTO `creature_movement_template` (`Entry`, `Point`, `Position_X`, `Position_Y`, `Position_Z`, `Orientation`, `WaitTime`, `Script_Id`) VALUES (19030, 74, 1904.28, -4509.73, 25.2911, 4.09107, 0, 0);
INSERT INTO `creature_movement_template` (`Entry`, `Point`, `Position_X`, `Position_Y`, `Position_Z`, `Orientation`, `WaitTime`, `Script_Id`) VALUES (19030, 75, 1897.24, -4517.98, 27.1628, 3.9497, 0, 0);
INSERT INTO `creature_movement_template` (`Entry`, `Point`, `Position_X`, `Position_Y`, `Position_Z`, `Orientation`, `WaitTime`, `Script_Id`) VALUES (19030, 76, 1888.98, -4527.05, 27.6904, 5.16706, 0, 0);
INSERT INTO `creature_movement_template` (`Entry`, `Point`, `Position_X`, `Position_Y`, `Position_Z`, `Orientation`, `WaitTime`, `Script_Id`) VALUES (19030, 77, 1923.21, -4581.87, 33.8939, 5.30058, 0, 0);
INSERT INTO `creature_movement_template` (`Entry`, `Point`, `Position_X`, `Position_Y`, `Position_Z`, `Orientation`, `WaitTime`, `Script_Id`) VALUES (19030, 78, 1893.01, -4605.54, 33.8939, 3.78083, 0, 0);
INSERT INTO `creature_movement_template` (`Entry`, `Point`, `Position_X`, `Position_Y`, `Position_Z`, `Orientation`, `WaitTime`, `Script_Id`) VALUES (19030, 79, 1908.26, -4629.29, 33.8133, 5.3045, 0, 0);
INSERT INTO `creature_movement_template` (`Entry`, `Point`, `Position_X`, `Position_Y`, `Position_Z`, `Orientation`, `WaitTime`, `Script_Id`) VALUES (19030, 80, 1930.17, -4662.43, 27.0037, 5.30057, 0, 0);
INSERT INTO `creature_movement_template` (`Entry`, `Point`, `Position_X`, `Position_Y`, `Position_Z`, `Orientation`, `WaitTime`, `Script_Id`) VALUES (19030, 81, 1957.11, -4686.63, 24.7209, 5.74432, 0, 0);
INSERT INTO `creature_movement_template` (`Entry`, `Point`, `Position_X`, `Position_Y`, `Position_Z`, `Orientation`, `WaitTime`, `Script_Id`) VALUES (19030, 82, 1982.9, -4692.42, 24.3524, 5.91318, 0, 0);
INSERT INTO `creature_movement_template` (`Entry`, `Point`, `Position_X`, `Position_Y`, `Position_Z`, `Orientation`, `WaitTime`, `Script_Id`) VALUES (19030, 83, 2001.14, -4701.89, 24.449, 0.413043, 0, 0);
INSERT INTO `creature_movement_template` (`Entry`, `Point`, `Position_X`, `Position_Y`, `Position_Z`, `Orientation`, `WaitTime`, `Script_Id`) VALUES (19030, 84, 2021.5, -4678.27, 24.576, 0.864646, 0, 0);
INSERT INTO `creature_movement_template` (`Entry`, `Point`, `Position_X`, `Position_Y`, `Position_Z`, `Orientation`, `WaitTime`, `Script_Id`) VALUES (19030, 85, 2034.9, -4686.35, 27.3867, 5.52206, 0, 0);
INSERT INTO `creature_movement_template` (`Entry`, `Point`, `Position_X`, `Position_Y`, `Position_Z`, `Orientation`, `WaitTime`, `Script_Id`) VALUES (19030, 86, 2052.93, -4703.53, 34.1534, 5.52206, 0, 0);
INSERT INTO `creature_movement_template` (`Entry`, `Point`, `Position_X`, `Position_Y`, `Position_Z`, `Orientation`, `WaitTime`, `Script_Id`) VALUES (19030, 87, 2078.68, -4710.14, 38.7915, 6.26033, 0, 0);
INSERT INTO `creature_movement_template` (`Entry`, `Point`, `Position_X`, `Position_Y`, `Position_Z`, `Orientation`, `WaitTime`, `Script_Id`) VALUES (19030, 88, 2091.81, -4697.63, 39.9427, 1.36337, 0, 0);
INSERT INTO `creature_movement_template` (`Entry`, `Point`, `Position_X`, `Position_Y`, `Position_Z`, `Orientation`, `WaitTime`, `Script_Id`) VALUES (19030, 89, 2096.86, -4670.82, 44.1235, 1.40264, 0, 0);
INSERT INTO `creature_movement_template` (`Entry`, `Point`, `Position_X`, `Position_Y`, `Position_Z`, `Orientation`, `WaitTime`, `Script_Id`) VALUES (19030, 90, 2093.68, -4659.63, 47.2635, 2.5022, 0, 0);
INSERT INTO `creature_movement_template` (`Entry`, `Point`, `Position_X`, `Position_Y`, `Position_Z`, `Orientation`, `WaitTime`, `Script_Id`) VALUES (19030, 91, 2079.38, -4648.61, 49.8898, 2.4001, 0, 0);
INSERT INTO `creature_movement_template` (`Entry`, `Point`, `Position_X`, `Position_Y`, `Position_Z`, `Orientation`, `WaitTime`, `Script_Id`) VALUES (19030, 92, 2061.31, -4631.02, 50.2752, 2.30978, 0, 0);
INSERT INTO `creature_movement_template` (`Entry`, `Point`, `Position_X`, `Position_Y`, `Position_Z`, `Orientation`, `WaitTime`, `Script_Id`) VALUES (19030, 93, 2053, -4618.43, 49.9493, 1.79141, 0, 0);
INSERT INTO `creature_movement_template` (`Entry`, `Point`, `Position_X`, `Position_Y`, `Position_Z`, `Orientation`, `WaitTime`, `Script_Id`) VALUES (19030, 94, 2052.05, -4607.87, 50.0774, 1.22593, 0, 0);
INSERT INTO `creature_movement_template` (`Entry`, `Point`, `Position_X`, `Position_Y`, `Position_Z`, `Orientation`, `WaitTime`, `Script_Id`) VALUES (19030, 95, 2057.68, -4593.78, 50.0185, 1.19059, 0, 0);
INSERT INTO `creature_movement_template` (`Entry`, `Point`, `Position_X`, `Position_Y`, `Position_Z`, `Orientation`, `WaitTime`, `Script_Id`) VALUES (19030, 96, 2064.24, -4579.31, 50.0668, 3.20121, 0, 0);
INSERT INTO `creature_movement_template` (`Entry`, `Point`, `Position_X`, `Position_Y`, `Position_Z`, `Orientation`, `WaitTime`, `Script_Id`) VALUES (19030, 97, 2046.12, -4578.82, 49.7328, 3.97875, 0, 0);
INSERT INTO `creature_movement_template` (`Entry`, `Point`, `Position_X`, `Position_Y`, `Position_Z`, `Orientation`, `WaitTime`, `Script_Id`) VALUES (19030, 98, 2047.36, -4577, 49.7123, 3.90492, 5000, 0);
INSERT INTO `creature_movement_template` (`Entry`, `Point`, `Position_X`, `Position_Y`, `Position_Z`, `Orientation`, `WaitTime`, `Script_Id`) VALUES (19030, 99, 2047.36, -4577, 49.7123, 3.90492, 0, 5111111);
INSERT INTO `creature_movement_template` (`Entry`, `Point`, `Position_X`, `Position_Y`, `Position_Z`, `Orientation`, `WaitTime`, `Script_Id`) VALUES (19030, 19030, 1, 1586.28, -4438.96, 5.69181, 2.58076, 0, 0);

-- Migglz
INSERT INTO `creature_template` (`entry`, `patch`, `name`, `subname`, `level_min`, `level_max`, `faction`, `npc_flags`, `gossip_menu_id`, `display_id1`, `display_id2`, `display_id3`, `display_id4`, `display_scale1`, `display_scale2`, `display_scale3`, `display_scale4`, `display_probability1`, `display_probability2`, `display_probability3`, `display_probability4`, `display_total_probability`, `mount_display_id`, `speed_walk`, `speed_run`, `detection_range`, `call_for_help_range`, `leash_range`, `rank`, `xp_multiplier`, `health_multiplier`, `mana_multiplier`, `armor_multiplier`, `damage_multiplier`, `damage_variance`, `damage_school`, `base_attack_time`, `ranged_attack_time`, `holy_res`, `fire_res`, `nature_res`, `frost_res`, `shadow_res`, `arcane_res`, `unit_class`, `unit_flags`, `pet_family`, `trainer_type`, `trainer_spell`, `trainer_class`, `trainer_race`, `type`, `type_flags`, `loot_id`, `pickpocket_loot_id`, `skinning_loot_id`, `gold_min`, `gold_max`, `spell_id1`, `spell_id2`, `spell_id3`, `spell_id4`, `spell_list_id`, `pet_spell_list_id`, `spawn_spell_id`, `auras`, `ai_name`, `movement_type`, `inhabit_type`, `civilian`, `racial_leader`, `regeneration`, `equipment_id`, `trainer_id`, `vendor_id`, `mechanic_immune_mask`, `school_immune_mask`, `flags_extra`, `script_name`) VALUES (19031, 0, 'Migglz', 'The \'Mad Mount Merchant\'\'s Evil Twin Brother', 49, 49, 35, 4, 0, 7073, 0, 0, 0, 0, 0, 0, 0, 1, 0, 0, 0, 1, 0, 1, 1.38571, 18, 5, 0, 0, 1, 1, 1, 1, 0.9, 0.14, 0, 2000, 2000, 0, 0, 0, 0, 0, 0, 1, 4608, 0, 0, 0, 0, 0, 1, 0, 0, 0, 0, 0, 0, 0, 0, 0, 0, 0, 0, 0, NULL, '', 0, 1, 0, 0, 3, 0, 0, 0, 0, 0, 2, '');
INSERT INTO `creature` (`guid`, `id`, `map`, `position_x`, `position_y`, `position_z`, `orientation`, `spawntimesecsmin`, `spawntimesecsmax`, `Movement_Type`) VALUES (9000457, 19031, 0,  -8930.53, 540.479, 94.3292, 0.604322, 3600, 10800, 2);
INSERT INTO `creature_movement_template` (`Entry`, `Point`, `Position_X`, `Position_Y`, `Position_Z`, `Orientation`, `WaitTime`, `Script_Id`) VALUES (19031, 1, -8907.59, 558.664, 93.3857, 0.668208, 0, 0);
INSERT INTO `creature_movement_template` (`Entry`, `Point`, `Position_X`, `Position_Y`, `Position_Z`, `Orientation`, `WaitTime`, `Script_Id`) VALUES (19031, 2, -8880.89, 579.742, 92.9958, 0.668208, 0, 0);
INSERT INTO `creature_movement_template` (`Entry`, `Point`, `Position_X`, `Position_Y`, `Position_Z`, `Orientation`, `WaitTime`, `Script_Id`) VALUES (19031, 3, -8853.94, 602.066, 92.0737, 0.691804, 0, 0);
INSERT INTO `creature_movement_template` (`Entry`, `Point`, `Position_X`, `Position_Y`, `Position_Z`, `Orientation`, `WaitTime`, `Script_Id`) VALUES (19031, 4, -8835.67, 618.366, 93.1856, 0.742855, 0, 0);
INSERT INTO `creature_movement_template` (`Entry`, `Point`, `Position_X`, `Position_Y`, `Position_Z`, `Orientation`, `WaitTime`, `Script_Id`) VALUES (19031, 5, -8829.69, 622.649, 93.8407, 6.20923, 0, 0);
INSERT INTO `creature_movement_template` (`Entry`, `Point`, `Position_X`, `Position_Y`, `Position_Z`, `Orientation`, `WaitTime`, `Script_Id`) VALUES (19031, 6, -8816.04, 609.611, 95.6598, 5.45132, 0, 0);
INSERT INTO `creature_movement_template` (`Entry`, `Point`, `Position_X`, `Position_Y`, `Position_Z`, `Orientation`, `WaitTime`, `Script_Id`) VALUES (19031, 7, -8801.9, 594.088, 97.365, 5.45132, 0, 0);
INSERT INTO `creature_movement_template` (`Entry`, `Point`, `Position_X`, `Position_Y`, `Position_Z`, `Orientation`, `WaitTime`, `Script_Id`) VALUES (19031, 8, -8794.12, 589.987, 97.5282, 0.383934, 0, 0);
INSERT INTO `creature_movement_template` (`Entry`, `Point`, `Position_X`, `Position_Y`, `Position_Z`, `Orientation`, `WaitTime`, `Script_Id`) VALUES (19031, 9, -8779.1, 601.999, 97.3074, 0.690239, 0, 0);
INSERT INTO `creature_movement_template` (`Entry`, `Point`, `Position_X`, `Position_Y`, `Position_Z`, `Orientation`, `WaitTime`, `Script_Id`) VALUES (19031, 10, -8771.76, 609.355, 97.2934, 5.55186, 0, 0);
INSERT INTO `creature_movement_template` (`Entry`, `Point`, `Position_X`, `Position_Y`, `Position_Z`, `Orientation`, `WaitTime`, `Script_Id`) VALUES (19031, 11, -8756.71, 594.724, 97.2247, 5.49295, 0, 0);
INSERT INTO `creature_movement_template` (`Entry`, `Point`, `Position_X`, `Position_Y`, `Position_Z`, `Orientation`, `WaitTime`, `Script_Id`) VALUES (19031, 12, -8741.94, 579.803, 97.4794, 5.49295, 0, 0);
INSERT INTO `creature_movement_template` (`Entry`, `Point`, `Position_X`, `Position_Y`, `Position_Z`, `Orientation`, `WaitTime`, `Script_Id`) VALUES (19031, 13, -8738.19, 573.929, 97.3902, 3.87424, 0, 0);
INSERT INTO `creature_movement_template` (`Entry`, `Point`, `Position_X`, `Position_Y`, `Position_Z`, `Orientation`, `WaitTime`, `Script_Id`) VALUES (19031, 14, -8760.85, 549.149, 97.3955, 4.08394, 0, 0);
INSERT INTO `creature_movement_template` (`Entry`, `Point`, `Position_X`, `Position_Y`, `Position_Z`, `Orientation`, `WaitTime`, `Script_Id`) VALUES (19031, 15, -8764.84, 535.728, 97.3949, 5.68772, 0, 0);
INSERT INTO `creature_movement_template` (`Entry`, `Point`, `Position_X`, `Position_Y`, `Position_Z`, `Orientation`, `WaitTime`, `Script_Id`) VALUES (19031, 16, -8748.84, 524.289, 96.3382, 5.65238, 10000, 0);
INSERT INTO `creature_movement_template` (`Entry`, `Point`, `Position_X`, `Position_Y`, `Position_Z`, `Orientation`, `WaitTime`, `Script_Id`) VALUES (19031, 17, -8764.05, 535.915, 97.3948, 2.499, 0, 0);
INSERT INTO `creature_movement_template` (`Entry`, `Point`, `Position_X`, `Position_Y`, `Position_Z`, `Orientation`, `WaitTime`, `Script_Id`) VALUES (19031, 18, -8770.55, 532.616, 97.3899, 3.90015, 0, 0);
INSERT INTO `creature_movement_template` (`Entry`, `Point`, `Position_X`, `Position_Y`, `Position_Z`, `Orientation`, `WaitTime`, `Script_Id`) VALUES (19031, 19, -8799.87, 503.986, 98.4038, 3.81376, 0, 0);
INSERT INTO `creature_movement_template` (`Entry`, `Point`, `Position_X`, `Position_Y`, `Position_Z`, `Orientation`, `WaitTime`, `Script_Id`) VALUES (19031, 20, -8803.01, 488.046, 96.4453, 4.72404, 0, 0);
INSERT INTO `creature_movement_template` (`Entry`, `Point`, `Position_X`, `Position_Y`, `Position_Z`, `Orientation`, `WaitTime`, `Script_Id`) VALUES (19031, 21, -8798.6, 473.236, 95.5982, 5.50944, 0, 0);
INSERT INTO `creature_movement_template` (`Entry`, `Point`, `Position_X`, `Position_Y`, `Position_Z`, `Orientation`, `WaitTime`, `Script_Id`) VALUES (19031, 22, -8783.26, 469.836, 97.4304, 6.13566, 0, 0);
INSERT INTO `creature_movement_template` (`Entry`, `Point`, `Position_X`, `Position_Y`, `Position_Z`, `Orientation`, `WaitTime`, `Script_Id`) VALUES (19031, 23, -8769.72, 468.796, 97.8255, 0.564047, 0, 0);
INSERT INTO `creature_movement_template` (`Entry`, `Point`, `Position_X`, `Position_Y`, `Position_Z`, `Orientation`, `WaitTime`, `Script_Id`) VALUES (19031, 24, -8752.51, 480.37, 97.2173, 0.701491, 0, 0);
INSERT INTO `creature_movement_template` (`Entry`, `Point`, `Position_X`, `Position_Y`, `Position_Z`, `Orientation`, `WaitTime`, `Script_Id`) VALUES (19031, 25, -8731.61, 502.748, 96.4633, 0.823228, 0, 0);
INSERT INTO `creature_movement_template` (`Entry`, `Point`, `Position_X`, `Position_Y`, `Position_Z`, `Orientation`, `WaitTime`, `Script_Id`) VALUES (19031, 26, -8714.55, 517.741, 97.0186, 0.721126, 0, 0);
INSERT INTO `creature_movement_template` (`Entry`, `Point`, `Position_X`, `Position_Y`, `Position_Z`, `Orientation`, `WaitTime`, `Script_Id`) VALUES (19031, 27, -8721.17, 529.39, 99.2995, 2.18904, 0, 0);
INSERT INTO `creature_movement_template` (`Entry`, `Point`, `Position_X`, `Position_Y`, `Position_Z`, `Orientation`, `WaitTime`, `Script_Id`) VALUES (19031, 28, -8746.29, 559.625, 97.4037, 2.28328, 0, 0);
INSERT INTO `creature_movement_template` (`Entry`, `Point`, `Position_X`, `Position_Y`, `Position_Z`, `Orientation`, `WaitTime`, `Script_Id`) VALUES (19031, 29, -8744.77, 567.67, 97.3967, 0.617454, 0, 0);
INSERT INTO `creature_movement_template` (`Entry`, `Point`, `Position_X`, `Position_Y`, `Position_Z`, `Orientation`, `WaitTime`, `Script_Id`) VALUES (19031, 30, -8720.66, 592.039, 98.6202, 0.185485, 0, 0);
INSERT INTO `creature_movement_template` (`Entry`, `Point`, `Position_X`, `Position_Y`, `Position_Z`, `Orientation`, `WaitTime`, `Script_Id`) VALUES (19031, 31, -8710.21, 595.102, 98.6716, 1.06984, 0, 0);
INSERT INTO `creature_movement_template` (`Entry`, `Point`, `Position_X`, `Position_Y`, `Position_Z`, `Orientation`, `WaitTime`, `Script_Id`) VALUES (19031, 32, -8702.96, 613.313, 99.8226, 1.82304, 0, 0);
INSERT INTO `creature_movement_template` (`Entry`, `Point`, `Position_X`, `Position_Y`, `Position_Z`, `Orientation`, `WaitTime`, `Script_Id`) VALUES (19031, 33, -8711.67, 652.239, 99.4588, 1.83875, 0, 0);
INSERT INTO `creature_movement_template` (`Entry`, `Point`, `Position_X`, `Position_Y`, `Position_Z`, `Orientation`, `WaitTime`, `Script_Id`) VALUES (19031, 34, -8726.57, 680.819, 98.6876, 2.10949, 0, 0);
INSERT INTO `creature_movement_template` (`Entry`, `Point`, `Position_X`, `Position_Y`, `Position_Z`, `Orientation`, `WaitTime`, `Script_Id`) VALUES (19031, 35, -8733.35, 695.727, 98.7073, 2.20138, 0, 0);
INSERT INTO `creature_movement_template` (`Entry`, `Point`, `Position_X`, `Position_Y`, `Position_Z`, `Orientation`, `WaitTime`, `Script_Id`) VALUES (19031, 36, -8757.68, 728.081, 98.2216, 2.22887, 0, 0);
INSERT INTO `creature_movement_template` (`Entry`, `Point`, `Position_X`, `Position_Y`, `Position_Z`, `Orientation`, `WaitTime`, `Script_Id`) VALUES (19031, 37, -8779.98, 742.554, 99.3974, 2.69225, 0, 0);
INSERT INTO `creature_movement_template` (`Entry`, `Point`, `Position_X`, `Position_Y`, `Position_Z`, `Orientation`, `WaitTime`, `Script_Id`) VALUES (19031, 38, -8797.69, 745.786, 97.5947, 3.69442, 0, 0);
INSERT INTO `creature_movement_template` (`Entry`, `Point`, `Position_X`, `Position_Y`, `Position_Z`, `Orientation`, `WaitTime`, `Script_Id`) VALUES (19031, 39, -8836.7, 726.009, 97.6857, 3.63787, 0, 0);
INSERT INTO `creature_movement_template` (`Entry`, `Point`, `Position_X`, `Position_Y`, `Position_Z`, `Orientation`, `WaitTime`, `Script_Id`) VALUES (19031, 40, -8845.53, 721.894, 97.2181, 1.9689, 0, 0);
INSERT INTO `creature_movement_template` (`Entry`, `Point`, `Position_X`, `Position_Y`, `Position_Z`, `Orientation`, `WaitTime`, `Script_Id`) VALUES (19031, 41, -8859.7, 746.494, 100.079, 2.14255, 0, 0);
INSERT INTO `creature_movement_template` (`Entry`, `Point`, `Position_X`, `Position_Y`, `Position_Z`, `Orientation`, `WaitTime`, `Script_Id`) VALUES (19031, 42, -8870.92, 761.308, 96.7092, 0.510491, 0, 0);
INSERT INTO `creature_movement_template` (`Entry`, `Point`, `Position_X`, `Position_Y`, `Position_Z`, `Orientation`, `WaitTime`, `Script_Id`) VALUES (19031, 43, -8863.59, 770.138, 96.769, 0.475148, 0, 0);
INSERT INTO `creature_movement_template` (`Entry`, `Point`, `Position_X`, `Position_Y`, `Position_Z`, `Orientation`, `WaitTime`, `Script_Id`) VALUES (19031, 44, -8836.46, 789.096, 95.876, 0.71705, 0, 0);
INSERT INTO `creature_movement_template` (`Entry`, `Point`, `Position_X`, `Position_Y`, `Position_Z`, `Orientation`, `WaitTime`, `Script_Id`) VALUES (19031, 45, -8823.79, 799.533, 97.6029, 1.60848, 0, 0);
INSERT INTO `creature_movement_template` (`Entry`, `Point`, `Position_X`, `Position_Y`, `Position_Z`, `Orientation`, `WaitTime`, `Script_Id`) VALUES (19031, 46, -8824.09, 817.556, 98.9235, 1.58492, 0, 0);
INSERT INTO `creature_movement_template` (`Entry`, `Point`, `Position_X`, `Position_Y`, `Position_Z`, `Orientation`, `WaitTime`, `Script_Id`) VALUES (19031, 47, -8821.14, 865.562, 98.9082, 1.52601, 0, 0);
INSERT INTO `creature_movement_template` (`Entry`, `Point`, `Position_X`, `Position_Y`, `Position_Z`, `Orientation`, `WaitTime`, `Script_Id`) VALUES (19031, 48, -8821.21, 887.119, 98.4755, 2.18182, 0, 0);
INSERT INTO `creature_movement_template` (`Entry`, `Point`, `Position_X`, `Position_Y`, `Position_Z`, `Orientation`, `WaitTime`, `Script_Id`) VALUES (19031, 49, -8834.38, 904.581, 97.8447, 2.47562, 0, 0);
INSERT INTO `creature_movement_template` (`Entry`, `Point`, `Position_X`, `Position_Y`, `Position_Z`, `Orientation`, `WaitTime`, `Script_Id`) VALUES (19031, 50, -8841.04, 899.426, 97.7603, 3.80294, 9000, 0);
INSERT INTO `creature_movement_template` (`Entry`, `Point`, `Position_X`, `Position_Y`, `Position_Z`, `Orientation`, `WaitTime`, `Script_Id`) VALUES (19031, 51, -8836.73, 907.323, 97.8771, 2.19916, 0, 0);
INSERT INTO `creature_movement_template` (`Entry`, `Point`, `Position_X`, `Position_Y`, `Position_Z`, `Orientation`, `WaitTime`, `Script_Id`) VALUES (19031, 52, -8854.17, 933.697, 102.073, 3.67099, 0, 0);
INSERT INTO `creature_movement_template` (`Entry`, `Point`, `Position_X`, `Position_Y`, `Position_Z`, `Orientation`, `WaitTime`, `Script_Id`) VALUES (19031, 53, -8895.05, 910.422, 110.613, 2.14653, 0, 0);
INSERT INTO `creature_movement_template` (`Entry`, `Point`, `Position_X`, `Position_Y`, `Position_Z`, `Orientation`, `WaitTime`, `Script_Id`) VALUES (19031, 54, -8929.7, 961.029, 117.312, 1.25196, 0, 0);
INSERT INTO `creature_movement_template` (`Entry`, `Point`, `Position_X`, `Position_Y`, `Position_Z`, `Orientation`, `WaitTime`, `Script_Id`) VALUES (19031, 55, -8917.17, 976.863, 120.918, 0.902461, 0, 0);
INSERT INTO `creature_movement_template` (`Entry`, `Point`, `Position_X`, `Position_Y`, `Position_Z`, `Orientation`, `WaitTime`, `Script_Id`) VALUES (19031, 56, -8911.87, 980.604, 120.999, 5.74051, 0, 0);
INSERT INTO `creature_movement_template` (`Entry`, `Point`, `Position_X`, `Position_Y`, `Position_Z`, `Orientation`, `WaitTime`, `Script_Id`) VALUES (19031, 57, -8903.01, 975.28, 120.999, 0.038521, 0, 0);
INSERT INTO `creature_movement_template` (`Entry`, `Point`, `Position_X`, `Position_Y`, `Position_Z`, `Orientation`, `WaitTime`, `Script_Id`) VALUES (19031, 58, -8890.5, 976.384, 124.357, 0.085645, 0, 0);
INSERT INTO `creature_movement_template` (`Entry`, `Point`, `Position_X`, `Position_Y`, `Position_Z`, `Orientation`, `WaitTime`, `Script_Id`) VALUES (19031, 59, -8886.72, 981.34, 124.357, 1.57397, 20000, 0);
INSERT INTO `creature_movement_template` (`Entry`, `Point`, `Position_X`, `Position_Y`, `Position_Z`, `Orientation`, `WaitTime`, `Script_Id`) VALUES (19031, 60, -8878.51, 974.931, 124.358, 2.31225, 0, 5111111);
