-- Shadow Changes
-- MF
UPDATE `spell_template` SET `ManaCost`=25, `effectBasePoints1`=39 WHERE `entry`=15407;
UPDATE `spell_template` SET `ManaCost`=50, `effectBasePoints1`=59 WHERE `entry`=17311;
UPDATE `spell_template` SET `ManaCost`=75, `effectBasePoints1`=74 WHERE `entry`=17312;
UPDATE `spell_template` SET `ManaCost`=115, `effectBasePoints1`=95 WHERE `entry`=17313;
UPDATE `spell_template` SET `ManaCost`=135, `effectBasePoints1`=109 WHERE `entry`=17314;
UPDATE `spell_template` SET `ManaCost`=155, `effectBasePoints1`=141 WHERE `entry`=18807;
UPDATE `spell_template` SET  nameSubtext = "Rank 1" WHERE `entry`=15473;

-- Shadowform
INSERT INTO `spell_template` (`entry`, `build`, `school`, `category`, `castUI`, `dispel`, `mechanic`, `attributes`, `attributesEx`, `attributesEx2`, `attributesEx3`, `attributesEx4`, `stances`, `stancesNot`, `targets`, `targetCreatureType`, `requiresSpellFocus`, `casterAuraState`, `targetAuraState`, `castingTimeIndex`, `recoveryTime`, `categoryRecoveryTime`, `interruptFlags`, `auraInterruptFlags`, `channelInterruptFlags`, `procFlags`, `procChance`, `procCharges`, `maxLevel`, `baseLevel`, `spellLevel`, `durationIndex`, `powerType`, `manaCost`, `manCostPerLevel`, `manaPerSecond`, `manaPerSecondPerLevel`, `rangeIndex`, `speed`, `modelNextSpell`, `stackAmount`, `totem1`, `totem2`, `reagent1`, `reagent2`, `reagent3`, `reagent4`, `reagent5`, `reagent6`, `reagent7`, `reagent8`, `reagentCount1`, `reagentCount2`, `reagentCount3`, `reagentCount4`, `reagentCount5`, `reagentCount6`, `reagentCount7`, `reagentCount8`, `equippedItemClass`, `equippedItemSubClassMask`, `equippedItemInventoryTypeMask`, `effect1`, `effect2`, `effect3`, `effectDieSides1`, `effectDieSides2`, `effectDieSides3`, `effectBaseDice1`, `effectBaseDice2`, `effectBaseDice3`, `effectDicePerLevel1`, `effectDicePerLevel2`, `effectDicePerLevel3`, `effectRealPointsPerLevel1`, `effectRealPointsPerLevel2`, `effectRealPointsPerLevel3`, `effectBasePoints1`, `effectBasePoints2`, `effectBasePoints3`, `effectBonusCoefficient1`, `effectBonusCoefficient2`, `effectBonusCoefficient3`, `effectMechanic1`, `effectMechanic2`, `effectMechanic3`, `effectImplicitTargetA1`, `effectImplicitTargetA2`, `effectImplicitTargetA3`, `effectImplicitTargetB1`, `effectImplicitTargetB2`, `effectImplicitTargetB3`, `effectRadiusIndex1`, `effectRadiusIndex2`, `effectRadiusIndex3`, `effectApplyAuraName1`, `effectApplyAuraName2`, `effectApplyAuraName3`, `effectAmplitude1`, `effectAmplitude2`, `effectAmplitude3`, `effectMultipleValue1`, `effectMultipleValue2`, `effectMultipleValue3`, `effectChainTarget1`, `effectChainTarget2`, `effectChainTarget3`, `effectItemType1`, `effectItemType2`, `effectItemType3`, `effectMiscValue1`, `effectMiscValue2`, `effectMiscValue3`, `effectTriggerSpell1`, `effectTriggerSpell2`, `effectTriggerSpell3`, `effectPointsPerComboPoint1`, `effectPointsPerComboPoint2`, `effectPointsPerComboPoint3`, `spellVisual1`, `spellVisual2`, `spellIconId`, `activeIconId`, `spellPriority`, `name`, `nameFlags`, `nameSubtext`, `nameSubtextFlags`, `description`, `descriptionFlags`, `auraDescription`, `auraDescriptionFlags`, `manaCostPercentage`, `startRecoveryCategory`, `startRecoveryTime`, `minTargetLevel`, `maxTargetLevel`, `spellFamilyName`, `spellFamilyFlags`, `maxAffectedTargets`, `dmgClass`, `preventionType`, `stanceBarOrder`, `dmgMultiplier1`, `dmgMultiplier2`, `dmgMultiplier3`, `minFactionId`, `minReputation`, `requiredAuraVision`, `customFlags`) VALUES (33396, 4222, 5, 39, 0, 0, 0, 33882112, 131072, 2, 0, 0, 0, 0, 0, 0, 0, 0, 0, 1, 0, 1500, 0, 0, 0, 0, 101, 0, 0, 0, 0, 21, 0, 0, 0, 0, 0, 1, 0, 0, 0, 0, 0, 0, 0, 0, 0, 0, 0, 0, 0, 0, 0, 0, 0, 0, 0, 0, 0, -1, 0, 0, 6, 6, 6, 0, 1, 1, 0, 1, 1, 0, 0, 0, 0, 0, 0, 0, 29, -16, 0, 0, 0, 0, 0, 0, 1, 1, 1, 0, 0, 0, 0, 0, 0, 36, 79, 87, 0, 0, 0, 0, 0, 0, 0, 0, 0, 0, 0, 0, 28, 32, 1, 0, 0, 0, 0, 0, 0, 3619, 0, 1552, 55, 0, 'Shadowform', 2031678, 'Rank 2', 2031676, 'Assume a Shadowform, increasing your Shadow damage by $s2% and reducing Physical damage done to you by $s3%.  However, you may not cast Holy spells while in this form.', 2031678, 'Shadow damage you deal increased by $s2%.  Physical damage you take reduced by $s3%.  You may not cast Holy spells.', 2031678, 40, 133, 1500, 0, 0, 6, 2147483648, 0, 0, 0, -1, 1, 1, 1, 0, 0, 0, 0);
INSERT INTO `spell_template` (`entry`, `build`, `school`, `category`, `castUI`, `dispel`, `mechanic`, `attributes`, `attributesEx`, `attributesEx2`, `attributesEx3`, `attributesEx4`, `stances`, `stancesNot`, `targets`, `targetCreatureType`, `requiresSpellFocus`, `casterAuraState`, `targetAuraState`, `castingTimeIndex`, `recoveryTime`, `categoryRecoveryTime`, `interruptFlags`, `auraInterruptFlags`, `channelInterruptFlags`, `procFlags`, `procChance`, `procCharges`, `maxLevel`, `baseLevel`, `spellLevel`, `durationIndex`, `powerType`, `manaCost`, `manCostPerLevel`, `manaPerSecond`, `manaPerSecondPerLevel`, `rangeIndex`, `speed`, `modelNextSpell`, `stackAmount`, `totem1`, `totem2`, `reagent1`, `reagent2`, `reagent3`, `reagent4`, `reagent5`, `reagent6`, `reagent7`, `reagent8`, `reagentCount1`, `reagentCount2`, `reagentCount3`, `reagentCount4`, `reagentCount5`, `reagentCount6`, `reagentCount7`, `reagentCount8`, `equippedItemClass`, `equippedItemSubClassMask`, `equippedItemInventoryTypeMask`, `effect1`, `effect2`, `effect3`, `effectDieSides1`, `effectDieSides2`, `effectDieSides3`, `effectBaseDice1`, `effectBaseDice2`, `effectBaseDice3`, `effectDicePerLevel1`, `effectDicePerLevel2`, `effectDicePerLevel3`, `effectRealPointsPerLevel1`, `effectRealPointsPerLevel2`, `effectRealPointsPerLevel3`, `effectBasePoints1`, `effectBasePoints2`, `effectBasePoints3`, `effectBonusCoefficient1`, `effectBonusCoefficient2`, `effectBonusCoefficient3`, `effectMechanic1`, `effectMechanic2`, `effectMechanic3`, `effectImplicitTargetA1`, `effectImplicitTargetA2`, `effectImplicitTargetA3`, `effectImplicitTargetB1`, `effectImplicitTargetB2`, `effectImplicitTargetB3`, `effectRadiusIndex1`, `effectRadiusIndex2`, `effectRadiusIndex3`, `effectApplyAuraName1`, `effectApplyAuraName2`, `effectApplyAuraName3`, `effectAmplitude1`, `effectAmplitude2`, `effectAmplitude3`, `effectMultipleValue1`, `effectMultipleValue2`, `effectMultipleValue3`, `effectChainTarget1`, `effectChainTarget2`, `effectChainTarget3`, `effectItemType1`, `effectItemType2`, `effectItemType3`, `effectMiscValue1`, `effectMiscValue2`, `effectMiscValue3`, `effectTriggerSpell1`, `effectTriggerSpell2`, `effectTriggerSpell3`, `effectPointsPerComboPoint1`, `effectPointsPerComboPoint2`, `effectPointsPerComboPoint3`, `spellVisual1`, `spellVisual2`, `spellIconId`, `activeIconId`, `spellPriority`, `name`, `nameFlags`, `nameSubtext`, `nameSubtextFlags`, `description`, `descriptionFlags`, `auraDescription`, `auraDescriptionFlags`, `manaCostPercentage`, `startRecoveryCategory`, `startRecoveryTime`, `minTargetLevel`, `maxTargetLevel`, `spellFamilyName`, `spellFamilyFlags`, `maxAffectedTargets`, `dmgClass`, `preventionType`, `stanceBarOrder`, `dmgMultiplier1`, `dmgMultiplier2`, `dmgMultiplier3`, `minFactionId`, `minReputation`, `requiredAuraVision`, `customFlags`) VALUES (33395, 4222, 0, 0, 0, 0, 0, 262400, 0, 0, 0, 0, 0, 0, 256, 0, 0, 0, 0, 1, 0, 0, 0, 0, 0, 0, 101, 0, 0, 0, 0, 0, 0, 0, 0, 0, 0, 6, 0, 0, 0, 0, 0, 0, 0, 0, 0, 0, 0, 0, 0, 0, 0, 0, 0, 0, 0, 0, 0, -1, 0, 0, 36, 0, 0, 0, 0, 0, 0, 0, 0, 0, 0, 0, 0, 0, 0, 0, 0, 0, 1, -1, -1, 0, 0, 0, 0, 0, 0, 0, 0, 0, 0, 0, 0, 0, 0, 0, 0, 0, 0, 0, 0, 0, 0, 0, 0, 0, 0, 0, 0, 0, 0, 33396, 0, 0, 0, 0, 0, 107, 0, 1629, 0, 50, 'Shadowform', 2031678, 'Rank 2', 2031678, '', 2031628, '', 2031628, 0, 0, 0, 0, 0, 0, 0, 0, 0, 0, -1, 1, 1, 1, 0, 0, 0, 0);
INSERT INTO `npc_trainer` (`entry`, `spell`, `spellcost`, `reqskill`, `reqskillvalue`, `reqlevel`) VALUES (376, 33395, 42000, 0, 0, 60);
INSERT INTO `npc_trainer` (`entry`, `spell`, `spellcost`, `reqskill`, `reqskillvalue`, `reqlevel`) VALUES (377, 33395, 42000, 0, 0, 60);
INSERT INTO `npc_trainer` (`entry`, `spell`, `spellcost`, `reqskill`, `reqskillvalue`, `reqlevel`) VALUES (1226, 33395, 42000, 0, 0, 60);
INSERT INTO `npc_trainer` (`entry`, `spell`, `spellcost`, `reqskill`, `reqskillvalue`, `reqlevel`) VALUES (2129, 33395, 42000, 0, 0, 60);
INSERT INTO `npc_trainer` (`entry`, `spell`, `spellcost`, `reqskill`, `reqskillvalue`, `reqlevel`) VALUES (3044, 33395, 42000, 0, 0, 60);
INSERT INTO `npc_trainer` (`entry`, `spell`, `spellcost`, `reqskill`, `reqskillvalue`, `reqlevel`) VALUES (3045, 33395, 42000, 0, 0, 60);
INSERT INTO `npc_trainer` (`entry`, `spell`, `spellcost`, `reqskill`, `reqskillvalue`, `reqlevel`) VALUES (3046, 33395, 42000, 0, 0, 60);
INSERT INTO `npc_trainer` (`entry`, `spell`, `spellcost`, `reqskill`, `reqskillvalue`, `reqlevel`) VALUES (3600, 33395, 42000, 0, 0, 60);
INSERT INTO `npc_trainer` (`entry`, `spell`, `spellcost`, `reqskill`, `reqskillvalue`, `reqlevel`) VALUES (3706, 33395, 42000, 0, 0, 60);
INSERT INTO `npc_trainer` (`entry`, `spell`, `spellcost`, `reqskill`, `reqskillvalue`, `reqlevel`) VALUES (4090, 33395, 42000, 0, 0, 60);
INSERT INTO `npc_trainer` (`entry`, `spell`, `spellcost`, `reqskill`, `reqskillvalue`, `reqlevel`) VALUES (4091, 33395, 42000, 0, 0, 60);
INSERT INTO `npc_trainer` (`entry`, `spell`, `spellcost`, `reqskill`, `reqskillvalue`, `reqlevel`) VALUES (4092, 33395, 42000, 0, 0, 60);
INSERT INTO `npc_trainer` (`entry`, `spell`, `spellcost`, `reqskill`, `reqskillvalue`, `reqlevel`) VALUES (4607, 33395, 42000, 0, 0, 60);
INSERT INTO `npc_trainer` (`entry`, `spell`, `spellcost`, `reqskill`, `reqskillvalue`, `reqlevel`) VALUES (4608, 33395, 42000, 0, 0, 60);
INSERT INTO `npc_trainer` (`entry`, `spell`, `spellcost`, `reqskill`, `reqskillvalue`, `reqlevel`) VALUES (5141, 33395, 42000, 0, 0, 60);
INSERT INTO `npc_trainer` (`entry`, `spell`, `spellcost`, `reqskill`, `reqskillvalue`, `reqlevel`) VALUES (5142, 33395, 42000, 0, 0, 60);
INSERT INTO `npc_trainer` (`entry`, `spell`, `spellcost`, `reqskill`, `reqskillvalue`, `reqlevel`) VALUES (5143, 33395, 42000, 0, 0, 60);
INSERT INTO `npc_trainer` (`entry`, `spell`, `spellcost`, `reqskill`, `reqskillvalue`, `reqlevel`) VALUES (5484, 33395, 42000, 0, 0, 60);
INSERT INTO `npc_trainer` (`entry`, `spell`, `spellcost`, `reqskill`, `reqskillvalue`, `reqlevel`) VALUES (5489, 33395, 42000, 0, 0, 60);
INSERT INTO `npc_trainer` (`entry`, `spell`, `spellcost`, `reqskill`, `reqskillvalue`, `reqlevel`) VALUES (5994, 33395, 42000, 0, 0, 60);
INSERT INTO `npc_trainer` (`entry`, `spell`, `spellcost`, `reqskill`, `reqskillvalue`, `reqlevel`) VALUES (6014, 33395, 42000, 0, 0, 60);
INSERT INTO `npc_trainer` (`entry`, `spell`, `spellcost`, `reqskill`, `reqskillvalue`, `reqlevel`) VALUES (6018, 33395, 42000, 0, 0, 60);
INSERT INTO `npc_trainer` (`entry`, `spell`, `spellcost`, `reqskill`, `reqskillvalue`, `reqlevel`) VALUES (11397, 33395, 42000, 0, 0, 60);
INSERT INTO `npc_trainer` (`entry`, `spell`, `spellcost`, `reqskill`, `reqskillvalue`, `reqlevel`) VALUES (11401, 33395, 42000, 0, 0, 60);
INSERT INTO `npc_trainer` (`entry`, `spell`, `spellcost`, `reqskill`, `reqskillvalue`, `reqlevel`) VALUES (11406, 33395, 42000, 0, 0, 60);
INSERT INTO `npc_trainer` (`entry`, `spell`, `spellcost`, `reqskill`, `reqskillvalue`, `reqlevel`) VALUES (4606, 33395, 42000, 0, 0, 60);
INSERT INTO `spell_chain` (`spell_id`, `prev_spell`, `first_spell`, `rank`, `req_spell`, `build_min`, `build_max`) VALUES (33396, 15473, 15473, 2, 0, 0, 5875);
INSERT INTO `spell_chain` (`spell_id`, `prev_spell`, `first_spell`, `rank`, `req_spell`, `build_min`, `build_max`) VALUES (15473, 15473, 15473, 1, 0, 0, 5875);
INSERT INTO `skill_line_ability` (`id`, `build`, `skill_id`, `spell_id`, `race_mask`, `class_mask`, `req_skill_value`, `superseded_by_spell`, `learn_on_get_skill`, `max_value`, `min_value`, `req_train_points`) VALUES (60000, 5875, 78, 15473, 0, 16, 1, 33396, 0, 0, 0, 0);

-- Shadow Vuln. to + 35%
UPDATE `spell_template` SET  `EffectBasePoints1`=6 WHERE `entry`=15258;

-- improved Shadowform
INSERT INTO `spell_template` (`entry`, `build`, `school`, `category`, `castUI`, `dispel`, `mechanic`, `attributes`, `attributesEx`, `attributesEx2`, `attributesEx3`, `attributesEx4`, `stances`, `stancesNot`, `targets`, `targetCreatureType`, `requiresSpellFocus`, `casterAuraState`, `targetAuraState`, `castingTimeIndex`, `recoveryTime`, `categoryRecoveryTime`, `interruptFlags`, `auraInterruptFlags`, `channelInterruptFlags`, `procFlags`, `procChance`, `procCharges`, `maxLevel`, `baseLevel`, `spellLevel`, `durationIndex`, `powerType`, `manaCost`, `manCostPerLevel`, `manaPerSecond`, `manaPerSecondPerLevel`, `rangeIndex`, `speed`, `modelNextSpell`, `stackAmount`, `totem1`, `totem2`, `reagent1`, `reagent2`, `reagent3`, `reagent4`, `reagent5`, `reagent6`, `reagent7`, `reagent8`, `reagentCount1`, `reagentCount2`, `reagentCount3`, `reagentCount4`, `reagentCount5`, `reagentCount6`, `reagentCount7`, `reagentCount8`, `equippedItemClass`, `equippedItemSubClassMask`, `equippedItemInventoryTypeMask`, `effect1`, `effect2`, `effect3`, `effectDieSides1`, `effectDieSides2`, `effectDieSides3`, `effectBaseDice1`, `effectBaseDice2`, `effectBaseDice3`, `effectDicePerLevel1`, `effectDicePerLevel2`, `effectDicePerLevel3`, `effectRealPointsPerLevel1`, `effectRealPointsPerLevel2`, `effectRealPointsPerLevel3`, `effectBasePoints1`, `effectBasePoints2`, `effectBasePoints3`, `effectBonusCoefficient1`, `effectBonusCoefficient2`, `effectBonusCoefficient3`, `effectMechanic1`, `effectMechanic2`, `effectMechanic3`, `effectImplicitTargetA1`, `effectImplicitTargetA2`, `effectImplicitTargetA3`, `effectImplicitTargetB1`, `effectImplicitTargetB2`, `effectImplicitTargetB3`, `effectRadiusIndex1`, `effectRadiusIndex2`, `effectRadiusIndex3`, `effectApplyAuraName1`, `effectApplyAuraName2`, `effectApplyAuraName3`, `effectAmplitude1`, `effectAmplitude2`, `effectAmplitude3`, `effectMultipleValue1`, `effectMultipleValue2`, `effectMultipleValue3`, `effectChainTarget1`, `effectChainTarget2`, `effectChainTarget3`, `effectItemType1`, `effectItemType2`, `effectItemType3`, `effectMiscValue1`, `effectMiscValue2`, `effectMiscValue3`, `effectTriggerSpell1`, `effectTriggerSpell2`, `effectTriggerSpell3`, `effectPointsPerComboPoint1`, `effectPointsPerComboPoint2`, `effectPointsPerComboPoint3`, `spellVisual1`, `spellVisual2`, `spellIconId`, `activeIconId`, `spellPriority`, `name`, `nameFlags`, `nameSubtext`, `nameSubtextFlags`, `description`, `descriptionFlags`, `auraDescription`, `auraDescriptionFlags`, `manaCostPercentage`, `startRecoveryCategory`, `startRecoveryTime`, `minTargetLevel`, `maxTargetLevel`, `spellFamilyName`, `spellFamilyFlags`, `maxAffectedTargets`, `dmgClass`, `preventionType`, `stanceBarOrder`, `dmgMultiplier1`, `dmgMultiplier2`, `dmgMultiplier3`, `minFactionId`, `minReputation`, `requiredAuraVision`, `customFlags`) VALUES (33406, 4222, 0, 0, 0, 0, 0, 262400, 0, 0, 0, 0, 0, 0, 256, 0, 0, 0, 0, 1, 0, 0, 0, 0, 0, 0, 101, 0, 0, 0, 0, 0, 0, 0, 0, 0, 0, 6, 0, 0, 0, 0, 0, 0, 0, 0, 0, 0, 0, 0, 0, 0, 0, 0, 0, 0, 0, 0, 0, -1, 0, 0, 36, 0, 0, 0, 0, 0, 0, 0, 0, 0, 0, 0, 0, 0, 0, 0, 0, 0, 1, -1, -1, 0, 0, 0, 0, 0, 0, 0, 0, 0, 0, 0, 0, 0, 0, 0, 0, 0, 0, 0, 0, 0, 0, 0, 0, 0, 0, 0, 0, 0, 0, 33405, 0, 0, 0, 0, 0, 107, 0, 217, 217, 50, 'Improved Shadowform', 2031678, '', 2031678, '', 2031628, '', 2031628, 0, 0, 0, 0, 0, 0, 0, 0, 0, 0, -1, 1, 1, 1, 0, 0, 0, 0);
INSERT INTO `spell_template` (`entry`, `build`, `school`, `category`, `castUI`, `dispel`, `mechanic`, `attributes`, `attributesEx`, `attributesEx2`, `attributesEx3`, `attributesEx4`, `stances`, `stancesNot`, `targets`, `targetCreatureType`, `requiresSpellFocus`, `casterAuraState`, `targetAuraState`, `castingTimeIndex`, `recoveryTime`, `categoryRecoveryTime`, `interruptFlags`, `auraInterruptFlags`, `channelInterruptFlags`, `procFlags`, `procChance`, `procCharges`, `maxLevel`, `baseLevel`, `spellLevel`, `durationIndex`, `powerType`, `manaCost`, `manCostPerLevel`, `manaPerSecond`, `manaPerSecondPerLevel`, `rangeIndex`, `speed`, `modelNextSpell`, `stackAmount`, `totem1`, `totem2`, `reagent1`, `reagent2`, `reagent3`, `reagent4`, `reagent5`, `reagent6`, `reagent7`, `reagent8`, `reagentCount1`, `reagentCount2`, `reagentCount3`, `reagentCount4`, `reagentCount5`, `reagentCount6`, `reagentCount7`, `reagentCount8`, `equippedItemClass`, `equippedItemSubClassMask`, `equippedItemInventoryTypeMask`, `effect1`, `effect2`, `effect3`, `effectDieSides1`, `effectDieSides2`, `effectDieSides3`, `effectBaseDice1`, `effectBaseDice2`, `effectBaseDice3`, `effectDicePerLevel1`, `effectDicePerLevel2`, `effectDicePerLevel3`, `effectRealPointsPerLevel1`, `effectRealPointsPerLevel2`, `effectRealPointsPerLevel3`, `effectBasePoints1`, `effectBasePoints2`, `effectBasePoints3`, `effectBonusCoefficient1`, `effectBonusCoefficient2`, `effectBonusCoefficient3`, `effectMechanic1`, `effectMechanic2`, `effectMechanic3`, `effectImplicitTargetA1`, `effectImplicitTargetA2`, `effectImplicitTargetA3`, `effectImplicitTargetB1`, `effectImplicitTargetB2`, `effectImplicitTargetB3`, `effectRadiusIndex1`, `effectRadiusIndex2`, `effectRadiusIndex3`, `effectApplyAuraName1`, `effectApplyAuraName2`, `effectApplyAuraName3`, `effectAmplitude1`, `effectAmplitude2`, `effectAmplitude3`, `effectMultipleValue1`, `effectMultipleValue2`, `effectMultipleValue3`, `effectChainTarget1`, `effectChainTarget2`, `effectChainTarget3`, `effectItemType1`, `effectItemType2`, `effectItemType3`, `effectMiscValue1`, `effectMiscValue2`, `effectMiscValue3`, `effectTriggerSpell1`, `effectTriggerSpell2`, `effectTriggerSpell3`, `effectPointsPerComboPoint1`, `effectPointsPerComboPoint2`, `effectPointsPerComboPoint3`, `spellVisual1`, `spellVisual2`, `spellIconId`, `activeIconId`, `spellPriority`, `name`, `nameFlags`, `nameSubtext`, `nameSubtextFlags`, `description`, `descriptionFlags`, `auraDescription`, `auraDescriptionFlags`, `manaCostPercentage`, `startRecoveryCategory`, `startRecoveryTime`, `minTargetLevel`, `maxTargetLevel`, `spellFamilyName`, `spellFamilyFlags`, `maxAffectedTargets`, `dmgClass`, `preventionType`, `stanceBarOrder`, `dmgMultiplier1`, `dmgMultiplier2`, `dmgMultiplier3`, `minFactionId`, `minReputation`, `requiredAuraVision`, `customFlags`) VALUES (33405, 4222, 0, 0, 0, 0, 0, 80, 0, 0, 0, 0, 134217728, 0, 0, 0, 0, 0, 0, 1, 0, 1500, 0, 0, 0, 0, 101, 0, 0, 0, 0, 21, 0, 0, 0, 0, 0, 1, 0, 0, 0, 0, 0, 0, 0, 0, 0, 0, 0, 0, 0, 0, 0, 0, 0, 0, 0, 0, 0, -1, 0, 0, 6, 6, 0, 0, 0, 0, 1, 1, 0, 0, 0, 0, 0, 0, 0, 19, -16, 0, 0, 0, 0, 0, 0, 0, 1, 1, 0, 0, 0, 0, 0, 0, 0, 134, 72, 0, 0, 0, 0, 1, 1, 0, 0, 0, 0, 0, 0, 0, 0, 32, 0, 0, 0, 0, 0, 0, 0, 0, 0, 217, 217, 0, 'Improved Shadowform', 2031678, '', 2031676, '', 2031678, '', 2031678, 0, 0, 0, 0, 0, 6, 2147483648, 0, 0, 0, -1, 1, 1, 1, 0, 0, 0, 0);

INSERT INTO `npc_trainer` (`entry`, `spell`, `spellcost`, `reqskill`, `reqskillvalue`, `reqlevel`) VALUES (6014, 33406, 32000, 0, 0, 50);
INSERT INTO `npc_trainer` (`entry`, `spell`, `spellcost`, `reqskill`, `reqskillvalue`, `reqlevel`) VALUES (5489, 33406, 32000, 0, 0, 50);
INSERT INTO `npc_trainer` (`entry`, `spell`, `spellcost`, `reqskill`, `reqskillvalue`, `reqlevel`) VALUES (5484, 33406, 32000, 0, 0, 50);
INSERT INTO `npc_trainer` (`entry`, `spell`, `spellcost`, `reqskill`, `reqskillvalue`, `reqlevel`) VALUES (5143, 33406, 32000, 0, 0, 50);
INSERT INTO `npc_trainer` (`entry`, `spell`, `spellcost`, `reqskill`, `reqskillvalue`, `reqlevel`) VALUES (11406, 33406, 32000, 0, 0, 50);
INSERT INTO `npc_trainer` (`entry`, `spell`, `spellcost`, `reqskill`, `reqskillvalue`, `reqlevel`) VALUES (11401, 33406, 32000, 0, 0, 50);
INSERT INTO `npc_trainer` (`entry`, `spell`, `spellcost`, `reqskill`, `reqskillvalue`, `reqlevel`) VALUES (5142, 33406, 32000, 0, 0, 50);
INSERT INTO `npc_trainer` (`entry`, `spell`, `spellcost`, `reqskill`, `reqskillvalue`, `reqlevel`) VALUES (5141, 33406, 32000, 0, 0, 50);
INSERT INTO `npc_trainer` (`entry`, `spell`, `spellcost`, `reqskill`, `reqskillvalue`, `reqlevel`) VALUES (4608, 33406, 32000, 0, 0, 50);
INSERT INTO `npc_trainer` (`entry`, `spell`, `spellcost`, `reqskill`, `reqskillvalue`, `reqlevel`) VALUES (4607, 33406, 32000, 0, 0, 50);
INSERT INTO `npc_trainer` (`entry`, `spell`, `spellcost`, `reqskill`, `reqskillvalue`, `reqlevel`) VALUES (4092, 33406, 32000, 0, 0, 50);
INSERT INTO `npc_trainer` (`entry`, `spell`, `spellcost`, `reqskill`, `reqskillvalue`, `reqlevel`) VALUES (4091, 33406, 32000, 0, 0, 50);
INSERT INTO `npc_trainer` (`entry`, `spell`, `spellcost`, `reqskill`, `reqskillvalue`, `reqlevel`) VALUES (11397, 33406, 32000, 0, 0, 50);
INSERT INTO `npc_trainer` (`entry`, `spell`, `spellcost`, `reqskill`, `reqskillvalue`, `reqlevel`) VALUES (4606, 33406, 32000, 0, 0, 50);
INSERT INTO `npc_trainer` (`entry`, `spell`, `spellcost`, `reqskill`, `reqskillvalue`, `reqlevel`) VALUES (4090, 33406, 32000, 0, 0, 50);
INSERT INTO `npc_trainer` (`entry`, `spell`, `spellcost`, `reqskill`, `reqskillvalue`, `reqlevel`) VALUES (3706, 33406, 32000, 0, 0, 50);
INSERT INTO `npc_trainer` (`entry`, `spell`, `spellcost`, `reqskill`, `reqskillvalue`, `reqlevel`) VALUES (3600, 33406, 32000, 0, 0, 50);
INSERT INTO `npc_trainer` (`entry`, `spell`, `spellcost`, `reqskill`, `reqskillvalue`, `reqlevel`) VALUES (3046, 33406, 32000, 0, 0, 50);
INSERT INTO `npc_trainer` (`entry`, `spell`, `spellcost`, `reqskill`, `reqskillvalue`, `reqlevel`) VALUES (6018, 33406, 32000, 0, 0, 50);
INSERT INTO `npc_trainer` (`entry`, `spell`, `spellcost`, `reqskill`, `reqskillvalue`, `reqlevel`) VALUES (3045, 33406, 32000, 0, 0, 50);
INSERT INTO `npc_trainer` (`entry`, `spell`, `spellcost`, `reqskill`, `reqskillvalue`, `reqlevel`) VALUES (3044, 33406, 32000, 0, 0, 50);
INSERT INTO `npc_trainer` (`entry`, `spell`, `spellcost`, `reqskill`, `reqskillvalue`, `reqlevel`) VALUES (2129, 33406, 32000, 0, 0, 50);
INSERT INTO `npc_trainer` (`entry`, `spell`, `spellcost`, `reqskill`, `reqskillvalue`, `reqlevel`) VALUES (1226, 33406, 32000, 0, 0, 50);
INSERT INTO `npc_trainer` (`entry`, `spell`, `spellcost`, `reqskill`, `reqskillvalue`, `reqlevel`) VALUES (377, 33406, 32000, 0, 0, 50);
INSERT INTO `npc_trainer` (`entry`, `spell`, `spellcost`, `reqskill`, `reqskillvalue`, `reqlevel`) VALUES (376, 33406, 32000, 0, 0, 50);
INSERT INTO `npc_trainer` (`entry`, `spell`, `spellcost`, `reqskill`, `reqskillvalue`, `reqlevel`) VALUES (5994, 33406, 32000, 0, 0, 50);
INSERT INTO `spell_chain` (`spell_id`, `prev_spell`, `first_spell`, `rank`, `req_spell`, `build_min`, `build_max`) VALUES (33405, 0, 33405, 1, 15473, 0, 5875);


